subset,model,target,feature,mean_abs_shap,category,rank
FD001,CatBoost,RUL_capped,cycle_log1p,7.007898805222237,cycle_observable,1
FD001,CatBoost,RUL_capped,cycle_sqrt,4.195863514411304,cycle_observable,2
FD001,CatBoost,RUL_capped,sensor_4_roll10_mean,1.1044007960618045,rolling_mean,3
FD001,CatBoost,RUL_capped,sensor_2_roll10_mean,1.0882960839421807,rolling_mean,4
FD001,CatBoost,RUL_capped,sensor_15_roll10_mean,1.0515111155702606,rolling_mean,5
FD001,CatBoost,RUL_capped,sensor_11_roll20_range,0.9423555620596217,rolling_range,6
FD001,CatBoost,RUL_capped,sensor_15_roll5_mean,0.7995296785198478,rolling_mean,7
FD001,CatBoost,RUL_capped,sensor_11_roll10_mean,0.7918306155231513,rolling_mean,8
FD001,CatBoost,RUL_capped,sensor_8_roll20_min,0.7552289616021078,rolling_min,9
FD001,CatBoost,RUL_capped,sensor_14_roll20_mean,0.7384464341973692,rolling_mean,10
FD001,CatBoost,RUL_capped,sensor_11_roll5_mean,0.7290040145165232,rolling_mean,11
FD001,CatBoost,RUL_capped,sensor_12_roll20_std,0.6910567371656451,rolling_std,12
FD001,CatBoost,RUL_capped,sensor_3_roll10_mean,0.6882859963664718,rolling_mean,13
FD001,CatBoost,RUL_capped,sensor_4_roll5_mean,0.6818417739759638,rolling_mean,14
FD001,CatBoost,RUL_capped,sensor_9_roll20_std,0.6779094101644936,rolling_std,15
FD001,CatBoost,RUL_capped,sensor_2_roll5_mean,0.6410706129209799,rolling_mean,16
FD001,CatBoost,RUL_capped,sensor_13_roll20_min,0.6341316984097309,rolling_min,17
FD001,CatBoost,RUL_capped,sensor_15_roll20_max,0.5999941507328744,rolling_max,18
FD001,CatBoost,RUL_capped,sensor_7_roll5_mean,0.598391409491715,rolling_mean,19
FD001,CatBoost,RUL_capped,sensor_4_roll10_max,0.5926537438482987,rolling_max,20
FD001,CatBoost,RUL_capped,sensor_13_roll20_std,0.5578721264802147,rolling_std,21
FD001,CatBoost,RUL_capped,sensor_9_roll20_range,0.5508753345613677,rolling_range,22
FD001,CatBoost,RUL_capped,sensor_3_roll10_max,0.5496380377093821,rolling_max,23
FD001,CatBoost,RUL_capped,sensor_11_roll5_min,0.5380623764165058,rolling_min,24
FD001,CatBoost,RUL_capped,sensor_14_roll20_range,0.5210993211159095,rolling_range,25
FD001,CatBoost,RUL_capped,sensor_12_roll20_max,0.5150539406937396,rolling_max,26
FD001,CatBoost,RUL_capped,sensor_20_roll20_mean,0.5118509344198596,rolling_mean,27
FD001,CatBoost,RUL_capped,sensor_8_roll5_mean,0.5103291071052802,rolling_mean,28
FD001,CatBoost,RUL_capped,sensor_2_roll20_mean,0.5027699778342207,rolling_mean,29
FD001,CatBoost,RUL_capped,sensor_7_roll10_mean,0.4968528581786619,rolling_mean,30
FD001,CatBoost,RUL_capped,sensor_21_roll20_max,0.49245544653447554,rolling_max,31
FD001,CatBoost,RUL_capped,sensor_12_roll5_max,0.4800785107878526,rolling_max,32
FD001,CatBoost,RUL_capped,sensor_9_roll10_max,0.4784550876065798,rolling_max,33
FD001,CatBoost,RUL_capped,sensor_13_roll5_mean,0.4703062895333312,rolling_mean,34
FD001,CatBoost,RUL_capped,sensor_21_roll5_mean,0.4649671379000647,rolling_mean,35
FD001,CatBoost,RUL_capped,sensor_20_roll5_mean,0.4537134144234451,rolling_mean,36
FD001,CatBoost,RUL_capped,sensor_3_roll20_min,0.4480241837213508,rolling_min,37
FD001,CatBoost,RUL_capped,sensor_14_roll20_max,0.44729578584101204,rolling_max,38
FD001,CatBoost,RUL_capped,sensor_9_roll5_mean,0.44084197325695446,rolling_mean,39
FD001,CatBoost,RUL_capped,sensor_20_roll20_max,0.4227201397367732,rolling_max,40
FD001,CatBoost,RUL_capped,sensor_12_roll20_mean,0.41849401260611563,rolling_mean,41
FD001,CatBoost,RUL_capped,sensor_7_roll10_min,0.4150073218897648,rolling_min,42
FD001,CatBoost,RUL_capped,sensor_17_roll20_min,0.40744235753081043,rolling_min,43
FD001,CatBoost,RUL_capped,sensor_20_roll20_range,0.38752758656170705,rolling_range,44
FD001,CatBoost,RUL_capped,sensor_3_roll5_mean,0.3871190152210268,rolling_mean,45
FD001,CatBoost,RUL_capped,sensor_7_roll20_mean,0.38584922616404604,rolling_mean,46
FD001,CatBoost,RUL_capped,sensor_9_roll20_max,0.38466091788280193,rolling_max,47
FD001,CatBoost,RUL_capped,sensor_15_roll20_min,0.3798937164136208,rolling_min,48
FD001,CatBoost,RUL_capped,sensor_9_roll20_mean,0.37125869860852323,rolling_mean,49
FD001,CatBoost,RUL_capped,sensor_13_roll20_range,0.35539784949774195,rolling_range,50
FD001,CatBoost,RUL_capped,sensor_20_roll10_mean,0.34013237174015837,rolling_mean,51
FD001,CatBoost,RUL_capped,sensor_9_roll20_min,0.33572984245038656,rolling_min,52
FD001,CatBoost,RUL_capped,sensor_12_roll20_min,0.3323433815867163,rolling_min,53
FD001,CatBoost,RUL_capped,sensor_2_roll20_min,0.3315005899770964,rolling_min,54
FD001,CatBoost,RUL_capped,sensor_12,0.3276587707538561,raw_sensor,55
FD001,CatBoost,RUL_capped,sensor_12_roll20_range,0.32048591065221155,rolling_range,56
FD001,CatBoost,RUL_capped,sensor_21_roll5_max,0.31649910126529546,rolling_max,57
FD001,CatBoost,RUL_capped,sensor_4_roll20_mean,0.3144530323519756,rolling_mean,58
FD001,CatBoost,RUL_capped,sensor_14_roll5_min,0.3111583725035398,rolling_min,59
FD001,CatBoost,RUL_capped,sensor_4,0.30228600974166786,raw_sensor,60
FD001,CatBoost,RUL_capped,sensor_8_roll20_std,0.30039813301839996,rolling_std,61
FD001,CatBoost,RUL_capped,sensor_21_roll20_min,0.2917871883773276,rolling_min,62
FD001,CatBoost,RUL_capped,sensor_21_roll10_max,0.2870728795119688,rolling_max,63
FD001,CatBoost,RUL_capped,sensor_20_roll10_min,0.2846429997159976,rolling_min,64
FD001,CatBoost,RUL_capped,sensor_7_roll20_std,0.28383238007758005,rolling_std,65
FD001,CatBoost,RUL_capped,sensor_7_roll20_range,0.2834391040316306,rolling_range,66
FD001,CatBoost,RUL_capped,sensor_8_roll20_max,0.2833806440521468,rolling_max,67
FD001,CatBoost,RUL_capped,sensor_4_roll20_min,0.28138419472356496,rolling_min,68
FD001,CatBoost,RUL_capped,sensor_9_roll10_min,0.2807344309636578,rolling_min,69
FD001,CatBoost,RUL_capped,sensor_14_roll10_mean,0.27455902286053196,rolling_mean,70
FD001,CatBoost,RUL_capped,sensor_17_roll10_mean,0.2731892499855533,rolling_mean,71
FD001,CatBoost,RUL_capped,sensor_2_roll20_max,0.2728720646821079,rolling_max,72
FD001,CatBoost,RUL_capped,sensor_3_roll20_mean,0.2696109002136753,rolling_mean,73
FD001,CatBoost,RUL_capped,sensor_3_roll5_min,0.2632383930077181,rolling_min,74
FD001,CatBoost,RUL_capped,sensor_2_roll5_min,0.2526155152480518,rolling_min,75
FD001,CatBoost,RUL_capped,sensor_15_roll10_max,0.2419132025600865,rolling_max,76
FD001,CatBoost,RUL_capped,sensor_14_roll20_std,0.23270344887547273,rolling_std,77
FD001,CatBoost,RUL_capped,sensor_20_roll5_max,0.23082903285753867,rolling_max,78
FD001,CatBoost,RUL_capped,sensor_4_roll20_max,0.2288229676890677,rolling_max,79
FD001,CatBoost,RUL_capped,sensor_7_roll5_max,0.22451043351975625,rolling_max,80
FD001,CatBoost,RUL_capped,sensor_8_roll20_mean,0.2169355217312441,rolling_mean,81
FD001,CatBoost,RUL_capped,sensor_9,0.213494139607454,raw_sensor,82
FD001,CatBoost,RUL_capped,sensor_11_roll5_max,0.21199127235861917,rolling_max,83
FD001,CatBoost,RUL_capped,sensor_15,0.20830858343929698,raw_sensor,84
FD001,CatBoost,RUL_capped,sensor_17_roll10_min,0.20441769126898737,rolling_min,85
FD001,CatBoost,RUL_capped,sensor_12_roll10_max,0.20393262478961652,rolling_max,86
FD001,CatBoost,RUL_capped,sensor_12_roll5_mean,0.202360049437095,rolling_mean,87
FD001,CatBoost,RUL_capped,sensor_4_roll5_max,0.2000670107174927,rolling_max,88
FD001,CatBoost,RUL_capped,sensor_3_roll5_max,0.19663015941065976,rolling_max,89
FD001,CatBoost,RUL_capped,sensor_8_roll10_mean,0.19611067679836386,rolling_mean,90
FD001,CatBoost,RUL_capped,sensor_12_roll5_min,0.19495276902170522,rolling_min,91
FD001,CatBoost,RUL_capped,sensor_17_roll5_mean,0.1911540243514846,rolling_mean,92
FD001,CatBoost,RUL_capped,sensor_7_roll20_max,0.18917161181127745,rolling_max,93
FD001,CatBoost,RUL_capped,sensor_4_roll20_range,0.18882022315436195,rolling_range,94
FD001,CatBoost,RUL_capped,sensor_12_roll10_mean,0.18674046434104014,rolling_mean,95
FD001,CatBoost,RUL_capped,sensor_21_lag1,0.1858046713351869,lag,96
FD001,CatBoost,RUL_capped,sensor_20,0.1826683395222953,raw_sensor,97
FD001,CatBoost,RUL_capped,sensor_15_roll10_min,0.1825970783822706,rolling_min,98
FD001,CatBoost,RUL_capped,sensor_20_roll20_min,0.18056012779726127,rolling_min,99
FD001,CatBoost,RUL_capped,sensor_9_roll5_max,0.17871376512340248,rolling_max,100
FD001,CatBoost,RUL_capped,sensor_11_roll20_std,0.17413352730757142,rolling_std,101
FD001,CatBoost,RUL_capped,sensor_15_roll20_mean,0.1740759778825219,rolling_mean,102
FD001,CatBoost,RUL_capped,sensor_13_roll10_mean,0.1739963948733734,rolling_mean,103
FD001,CatBoost,RUL_capped,sensor_7_roll20_min,0.17394309177290682,rolling_min,104
FD001,CatBoost,RUL_capped,sensor_3_roll20_max,0.16991117529036695,rolling_max,105
FD001,CatBoost,RUL_capped,sensor_7,0.16990840820721306,raw_sensor,106
FD001,CatBoost,RUL_capped,sensor_13_roll20_mean,0.1593306102822443,rolling_mean,107
FD001,CatBoost,RUL_capped,sensor_14_roll20_min,0.15851756387778046,rolling_min,108
FD001,CatBoost,RUL_capped,sensor_12_roll10_min,0.15488116839859012,rolling_min,109
FD001,CatBoost,RUL_capped,sensor_2,0.15379759964209494,raw_sensor,110
FD001,CatBoost,RUL_capped,sensor_20_roll5_min,0.1523960364260681,rolling_min,111
FD001,CatBoost,RUL_capped,sensor_21_roll20_range,0.15181991617541443,rolling_range,112
FD001,CatBoost,RUL_capped,sensor_14_roll10_max,0.14932596163346412,rolling_max,113
FD001,CatBoost,RUL_capped,sensor_15_roll5_min,0.147853610062804,rolling_min,114
FD001,CatBoost,RUL_capped,sensor_11_roll20_max,0.1416786816728358,rolling_max,115
FD001,CatBoost,RUL_capped,sensor_21_roll10_mean,0.13870690160070248,rolling_mean,116
FD001,CatBoost,RUL_capped,sensor_14_roll5_mean,0.1356104411751564,rolling_mean,117
FD001,CatBoost,RUL_capped,sensor_8,0.13112083154499746,raw_sensor,118
FD001,CatBoost,RUL_capped,sensor_15_lag1,0.12892792969027267,lag,119
FD001,CatBoost,RUL_capped,sensor_7_roll5_min,0.12270056269077635,rolling_min,120
FD001,CatBoost,RUL_capped,sensor_2_roll20_range,0.1217785423145797,rolling_range,121
FD001,CatBoost,RUL_capped,sensor_9_lag1,0.1206580156882214,lag,122
FD001,CatBoost,RUL_capped,sensor_15_roll5_max,0.11809055255800917,rolling_max,123
FD001,CatBoost,RUL_capped,sensor_17_roll5_max,0.11622440761918328,rolling_max,124
FD001,CatBoost,RUL_capped,sensor_9_roll10_mean,0.11618553312468892,rolling_mean,125
FD001,CatBoost,RUL_capped,sensor_11_roll20_min,0.10874899813652023,rolling_min,126
FD001,CatBoost,RUL_capped,sensor_17_roll20_std,0.10864422566189824,rolling_std,127
FD001,CatBoost,RUL_capped,sensor_4_roll5_min,0.10598110283474532,rolling_min,128
FD001,CatBoost,RUL_capped,sensor_11,0.10467091124819339,raw_sensor,129
FD001,CatBoost,RUL_capped,sensor_21_roll10_min,0.1030816194061952,rolling_min,130
FD001,CatBoost,RUL_capped,sensor_13_roll20_max,0.09788892100315597,rolling_max,131
FD001,CatBoost,RUL_capped,sensor_13,0.0944151182115961,raw_sensor,132
FD001,CatBoost,RUL_capped,sensor_4_roll10_min,0.09418396354747345,rolling_min,133
FD001,CatBoost,RUL_capped,sensor_14,0.0887762637204735,raw_sensor,134
FD001,CatBoost,RUL_capped,sensor_9_roll5_min,0.08863871168694817,rolling_min,135
FD001,CatBoost,RUL_capped,sensor_3_roll10_min,0.08670298962813697,rolling_min,136
FD001,CatBoost,RUL_capped,sensor_13_roll10_max,0.08391799065439962,rolling_max,137
FD001,CatBoost,RUL_capped,sensor_8_roll5_min,0.08364618728810304,rolling_min,138
FD001,CatBoost,RUL_capped,sensor_2_roll10_min,0.08216109215212844,rolling_min,139
FD001,CatBoost,RUL_capped,sensor_11_lag1,0.07887609458971336,lag,140
FD001,CatBoost,RUL_capped,sensor_11_roll10_max,0.07564191380176674,rolling_max,141
FD001,CatBoost,RUL_capped,sensor_15_roll20_range,0.07501543100432334,rolling_range,142
FD001,CatBoost,RUL_capped,sensor_20_roll20_std,0.07447617439657168,rolling_std,143
FD001,CatBoost,RUL_capped,sensor_15_roll20_std,0.07388758364065041,rolling_std,144
FD001,CatBoost,RUL_capped,sensor_8_roll5_max,0.07377127426627882,rolling_max,145
FD001,CatBoost,RUL_capped,sensor_17_roll20_range,0.07320449155864307,rolling_range,146
FD001,CatBoost,RUL_capped,sensor_11_roll10_range,0.07233267582205935,rolling_range,147
FD001,CatBoost,RUL_capped,sensor_11_roll10_min,0.07198065811802777,rolling_min,148
FD001,CatBoost,RUL_capped,sensor_14_roll10_min,0.07137510981110194,rolling_min,149
FD001,CatBoost,RUL_capped,sensor_17_roll10_std,0.07021505509685956,rolling_std,150
FD001,CatBoost,RUL_capped,sensor_11_roll20_mean,0.06920037990629857,rolling_mean,151
FD001,CatBoost,RUL_capped,sensor_21_roll20_mean,0.0684593554162865,rolling_mean,152
FD001,CatBoost,RUL_capped,sensor_4_roll20_std,0.06773877105053855,rolling_std,153
FD001,CatBoost,RUL_capped,sensor_14_lag1,0.06419004731936992,lag,154
FD001,CatBoost,RUL_capped,sensor_3,0.05933959189160622,raw_sensor,155
FD001,CatBoost,RUL_capped,sensor_3_roll20_range,0.0590760791978652,rolling_range,156
FD001,CatBoost,RUL_capped,sensor_8_roll20_range,0.05755840031147073,rolling_range,157
FD001,CatBoost,RUL_capped,sensor_2_roll5_max,0.055869124120455096,rolling_max,158
FD001,CatBoost,RUL_capped,sensor_17_roll20_mean,0.054064500367960754,rolling_mean,159
FD001,CatBoost,RUL_capped,sensor_11_roll5_range,0.044712739940847165,rolling_range,160
FD001,CatBoost,RUL_capped,sensor_20_roll10_max,0.04369788649804717,rolling_max,161
FD001,CatBoost,RUL_capped,sensor_13_roll5_max,0.042906372989765476,rolling_max,162
FD001,CatBoost,RUL_capped,sensor_9_roll10_range,0.04244742605424031,rolling_range,163
FD001,CatBoost,RUL_capped,sensor_13_roll5_min,0.04190764596649622,rolling_min,164
FD001,CatBoost,RUL_capped,sensor_8_roll10_min,0.03914151721759356,rolling_min,165
FD001,CatBoost,RUL_capped,sensor_12_lag1,0.03865338769434944,lag,166
FD001,CatBoost,RUL_capped,sensor_6_roll20_std,0.0373893545345781,rolling_std,167
FD001,CatBoost,RUL_capped,sensor_8_lag1,0.03716519619529058,lag,168
FD001,CatBoost,RUL_capped,sensor_14_roll5_max,0.036586876388677934,rolling_max,169
FD001,CatBoost,RUL_capped,sensor_7_roll10_max,0.035634132658281754,rolling_max,170
FD001,CatBoost,RUL_capped,sensor_2_roll10_max,0.03542867885578691,rolling_max,171
FD001,CatBoost,RUL_capped,sensor_13_lag1,0.033767537168226266,lag,172
FD001,CatBoost,RUL_capped,sensor_13_roll10_min,0.031629117924382305,rolling_min,173
FD001,CatBoost,RUL_capped,sensor_2_lag1,0.02698970692116703,lag,174
FD001,CatBoost,RUL_capped,sensor_12_roll10_range,0.026979423521216076,rolling_range,175
FD001,CatBoost,RUL_capped,sensor_6_roll20_mean,0.024701757054443576,rolling_mean,176
FD001,CatBoost,RUL_capped,sensor_3_roll20_std,0.022684358083372182,rolling_std,177
FD001,CatBoost,RUL_capped,sensor_14_roll10_std,0.018094605074408358,rolling_std,178
FD001,CatBoost,RUL_capped,sensor_15_roll10_range,0.016151405619448465,rolling_range,179
FD001,CatBoost,RUL_capped,sensor_17_roll10_range,0.01568516222501148,rolling_range,180
FD001,CatBoost,RUL_capped,sensor_17_roll20_max,0.01562911723365844,rolling_max,181
FD001,CatBoost,RUL_capped,sensor_3_roll10_range,0.014634712710034777,rolling_range,182
FD001,CatBoost,RUL_capped,sensor_6_roll20_range,0.0142125318878675,rolling_range,183
FD001,CatBoost,RUL_capped,sensor_7_lag1,0.014147126060204783,lag,184
FD001,CatBoost,RUL_capped,sensor_11_roll10_std,0.011886283541678934,rolling_std,185
FD001,CatBoost,RUL_capped,sensor_2_roll10_range,0.01130154070928473,rolling_range,186
FD001,CatBoost,RUL_capped,sensor_13_roll5_range,0.011036396021734805,rolling_range,187
FD001,CatBoost,RUL_capped,sensor_14_roll10_range,0.010984272252212908,rolling_range,188
FD001,CatBoost,RUL_capped,sensor_17,0.010927903860060529,raw_sensor,189
FD001,CatBoost,RUL_capped,sensor_2_roll10_std,0.01013981765889595,rolling_std,190
FD001,CatBoost,RUL_capped,sensor_2_roll20_std,0.008796691170638705,rolling_std,191
FD001,CatBoost,RUL_capped,sensor_20_lag1,0.008142496593972351,lag,192
FD001,CatBoost,RUL_capped,sensor_9_roll10_std,0.006509265989820916,rolling_std,193
FD001,CatBoost,RUL_capped,sensor_8_roll10_range,0.0030015069672136197,rolling_range,194
FD001,CatBoost,RUL_capped,sensor_4_roll5_range,0.0026815512612493124,rolling_range,195
FD001,CatBoost,RUL_capped,sensor_17_roll5_min,0.0012842568646490044,rolling_min,196
FD001,CatBoost,RUL_capped,sensor_17_lag1,0.0,lag,197
FD001,CatBoost,RUL_capped,sensor_11_pct_change1,0.0,percentage_change,198
FD001,CatBoost,RUL_capped,sensor_6_roll20_min,0.0,rolling_min,199
FD001,CatBoost,RUL_capped,sensor_6_roll20_max,0.0,rolling_max,200
FD001,CatBoost,RUL_capped,sensor_14_delta1,0.0,delta,201
FD001,CatBoost,RUL_capped,sensor_12_delta1,0.0,delta,202
FD001,CatBoost,RUL_capped,sensor_14_pct_change1,0.0,percentage_change,203
FD001,CatBoost,RUL_capped,sensor_16_pct_change1,0.0,percentage_change,204
FD001,CatBoost,RUL_capped,sensor_13_delta1,0.0,delta,205
FD001,CatBoost,RUL_capped,sensor_16_delta1,0.0,delta,206
FD001,CatBoost,RUL_capped,sensor_16_lag1,0.0,lag,207
FD001,CatBoost,RUL_capped,sensor_15_pct_change1,0.0,percentage_change,208
FD001,CatBoost,RUL_capped,sensor_15_delta1,0.0,delta,209
FD001,CatBoost,RUL_capped,sensor_13_pct_change1,0.0,percentage_change,210
FD001,CatBoost,RUL_capped,sensor_12_pct_change1,0.0,percentage_change,211
FD001,CatBoost,RUL_capped,sensor_5_roll20_min,0.0,rolling_min,212
FD001,CatBoost,RUL_capped,sensor_5_roll20_range,0.0,rolling_range,213
FD001,CatBoost,RUL_capped,sensor_20_delta1,0.0,delta,214
FD001,CatBoost,RUL_capped,sensor_1_roll5_mean,0.0,rolling_mean,215
FD001,CatBoost,RUL_capped,sensor_21_roll10_range,0.0,rolling_range,216
FD001,CatBoost,RUL_capped,sensor_1_roll20_mean,0.0,rolling_mean,217
FD001,CatBoost,RUL_capped,sensor_1_roll20_std,0.0,rolling_std,218
FD001,CatBoost,RUL_capped,sensor_1_roll20_min,0.0,rolling_min,219
FD001,CatBoost,RUL_capped,sensor_1_roll20_max,0.0,rolling_max,220
FD001,CatBoost,RUL_capped,sensor_1_roll20_range,0.0,rolling_range,221
FD001,CatBoost,RUL_capped,sensor_21_pct_change1,0.0,percentage_change,222
FD001,CatBoost,RUL_capped,sensor_21_delta1,0.0,delta,223
FD001,CatBoost,RUL_capped,sensor_20_pct_change1,0.0,percentage_change,224
FD001,CatBoost,RUL_capped,sensor_19_pct_change1,0.0,percentage_change,225
FD001,CatBoost,RUL_capped,sensor_5_roll20_max,0.0,rolling_max,226
FD001,CatBoost,RUL_capped,sensor_19_delta1,0.0,delta,227
FD001,CatBoost,RUL_capped,sensor_19_lag1,0.0,lag,228
FD001,CatBoost,RUL_capped,sensor_18_pct_change1,0.0,percentage_change,229
FD001,CatBoost,RUL_capped,sensor_18_delta1,0.0,delta,230
FD001,CatBoost,RUL_capped,sensor_18_lag1,0.0,lag,231
FD001,CatBoost,RUL_capped,sensor_17_pct_change1,0.0,percentage_change,232
FD001,CatBoost,RUL_capped,sensor_17_delta1,0.0,delta,233
FD001,CatBoost,RUL_capped,sensor_5_roll20_mean,0.0,rolling_mean,234
FD001,CatBoost,RUL_capped,sensor_5_roll20_std,0.0,rolling_std,235
FD001,CatBoost,RUL_capped,sensor_10_pct_change1,0.0,percentage_change,236
FD001,CatBoost,RUL_capped,sensor_11_delta1,0.0,delta,237
FD001,CatBoost,RUL_capped,sensor_10_roll20_max,0.0,rolling_max,238
FD001,CatBoost,RUL_capped,sensor_10_roll20_mean,0.0,rolling_mean,239
FD001,CatBoost,RUL_capped,sensor_10_roll20_std,0.0,rolling_std,240
FD001,CatBoost,RUL_capped,sensor_16_roll20_min,0.0,rolling_min,241
FD001,CatBoost,RUL_capped,sensor_16_roll20_max,0.0,rolling_max,242
FD001,CatBoost,RUL_capped,sensor_16_roll20_range,0.0,rolling_range,243
FD001,CatBoost,RUL_capped,sensor_1_delta1,0.0,delta,244
FD001,CatBoost,RUL_capped,sensor_1_lag1,0.0,lag,245
FD001,CatBoost,RUL_capped,sensor_21,0.0,raw_sensor,246
FD001,CatBoost,RUL_capped,sensor_19,0.0,raw_sensor,247
FD001,CatBoost,RUL_capped,sensor_18_roll20_mean,0.0,rolling_mean,248
FD001,CatBoost,RUL_capped,sensor_18_roll20_std,0.0,rolling_std,249
FD001,CatBoost,RUL_capped,sensor_18_roll20_min,0.0,rolling_min,250
FD001,CatBoost,RUL_capped,sensor_18_roll20_max,0.0,rolling_max,251
FD001,CatBoost,RUL_capped,sensor_18_roll20_range,0.0,rolling_range,252
FD001,CatBoost,RUL_capped,sensor_19_roll20_mean,0.0,rolling_mean,253
FD001,CatBoost,RUL_capped,sensor_19_roll20_std,0.0,rolling_std,254
FD001,CatBoost,RUL_capped,sensor_19_roll20_min,0.0,rolling_min,255
FD001,CatBoost,RUL_capped,sensor_19_roll20_max,0.0,rolling_max,256
FD001,CatBoost,RUL_capped,sensor_19_roll20_range,0.0,rolling_range,257
FD001,CatBoost,RUL_capped,sensor_18,0.0,raw_sensor,258
FD001,CatBoost,RUL_capped,sensor_16,0.0,raw_sensor,259
FD001,CatBoost,RUL_capped,sensor_10,0.0,raw_sensor,260
FD001,CatBoost,RUL_capped,sensor_6,0.0,raw_sensor,261
FD001,CatBoost,RUL_capped,sensor_5,0.0,raw_sensor,262
FD001,CatBoost,RUL_capped,sensor_21_roll20_std,0.0,rolling_std,263
FD001,CatBoost,RUL_capped,sensor_1,0.0,raw_sensor,264
FD001,CatBoost,RUL_capped,op_setting_3,0.0,operational_setting,265
FD001,CatBoost,RUL_capped,sensor_16_roll20_std,0.0,rolling_std,266
FD001,CatBoost,RUL_capped,sensor_16_roll20_mean,0.0,rolling_mean,267
FD001,CatBoost,RUL_capped,sensor_1_pct_change1,0.0,percentage_change,268
FD001,CatBoost,RUL_capped,sensor_6_pct_change1,0.0,percentage_change,269
FD001,CatBoost,RUL_capped,sensor_10_roll20_min,0.0,rolling_min,270
FD001,CatBoost,RUL_capped,sensor_21_roll10_std,0.0,rolling_std,271
FD001,CatBoost,RUL_capped,sensor_10_roll20_range,0.0,rolling_range,272
FD001,CatBoost,RUL_capped,sensor_10_delta1,0.0,delta,273
FD001,CatBoost,RUL_capped,sensor_10_lag1,0.0,lag,274
FD001,CatBoost,RUL_capped,sensor_9_pct_change1,0.0,percentage_change,275
FD001,CatBoost,RUL_capped,sensor_9_delta1,0.0,delta,276
FD001,CatBoost,RUL_capped,sensor_8_pct_change1,0.0,percentage_change,277
FD001,CatBoost,RUL_capped,sensor_8_delta1,0.0,delta,278
FD001,CatBoost,RUL_capped,sensor_7_pct_change1,0.0,percentage_change,279
FD001,CatBoost,RUL_capped,sensor_7_delta1,0.0,delta,280
FD001,CatBoost,RUL_capped,sensor_6_delta1,0.0,delta,281
FD001,CatBoost,RUL_capped,sensor_2_delta1,0.0,delta,282
FD001,CatBoost,RUL_capped,sensor_6_lag1,0.0,lag,283
FD001,CatBoost,RUL_capped,sensor_5_pct_change1,0.0,percentage_change,284
FD001,CatBoost,RUL_capped,sensor_5_delta1,0.0,delta,285
FD001,CatBoost,RUL_capped,sensor_5_lag1,0.0,lag,286
FD001,CatBoost,RUL_capped,sensor_4_pct_change1,0.0,percentage_change,287
FD001,CatBoost,RUL_capped,sensor_4_delta1,0.0,delta,288
FD001,CatBoost,RUL_capped,sensor_4_lag1,0.0,lag,289
FD001,CatBoost,RUL_capped,sensor_3_pct_change1,0.0,percentage_change,290
FD001,CatBoost,RUL_capped,sensor_3_delta1,0.0,delta,291
FD001,CatBoost,RUL_capped,sensor_3_lag1,0.0,lag,292
FD001,CatBoost,RUL_capped,sensor_2_pct_change1,0.0,percentage_change,293
FD001,CatBoost,RUL_capped,sensor_1_roll5_std,0.0,rolling_std,294
FD001,CatBoost,RUL_capped,sensor_19_roll10_max,0.0,rolling_max,295
FD001,CatBoost,RUL_capped,sensor_1_roll5_min,0.0,rolling_min,296
FD001,CatBoost,RUL_capped,sensor_5_roll10_std,0.0,rolling_std,297
FD001,CatBoost,RUL_capped,sensor_15_roll5_std,0.0,rolling_std,298
FD001,CatBoost,RUL_capped,op_setting_2,0.0,operational_setting,299
FD001,CatBoost,RUL_capped,sensor_14_roll5_range,0.0,rolling_range,300
FD001,CatBoost,RUL_capped,sensor_3_roll10_std,0.0,rolling_std,301
FD001,CatBoost,RUL_capped,sensor_14_roll5_std,0.0,rolling_std,302
FD001,CatBoost,RUL_capped,sensor_13_roll5_std,0.0,rolling_std,303
FD001,CatBoost,RUL_capped,sensor_4_roll10_std,0.0,rolling_std,304
FD001,CatBoost,RUL_capped,sensor_12_roll5_range,0.0,rolling_range,305
FD001,CatBoost,RUL_capped,sensor_12_roll5_std,0.0,rolling_std,306
FD001,CatBoost,RUL_capped,sensor_4_roll10_range,0.0,rolling_range,307
FD001,CatBoost,RUL_capped,sensor_5_roll10_mean,0.0,rolling_mean,308
FD001,CatBoost,RUL_capped,sensor_5_roll10_min,0.0,rolling_min,309
FD001,CatBoost,RUL_capped,sensor_10_roll5_min,0.0,rolling_min,310
FD001,CatBoost,RUL_capped,sensor_5_roll10_max,0.0,rolling_max,311
FD001,CatBoost,RUL_capped,sensor_5_roll10_range,0.0,rolling_range,312
FD001,CatBoost,RUL_capped,sensor_6_roll10_mean,0.0,rolling_mean,313
FD001,CatBoost,RUL_capped,sensor_6_roll10_std,0.0,rolling_std,314
FD001,CatBoost,RUL_capped,sensor_6_roll10_min,0.0,rolling_min,315
FD001,CatBoost,RUL_capped,sensor_6_roll10_max,0.0,rolling_max,316
FD001,CatBoost,RUL_capped,sensor_6_roll10_range,0.0,rolling_range,317
FD001,CatBoost,RUL_capped,sensor_11_roll5_std,0.0,rolling_std,318
FD001,CatBoost,RUL_capped,sensor_7_roll10_std,0.0,rolling_std,319
FD001,CatBoost,RUL_capped,sensor_10_roll5_range,0.0,rolling_range,320
FD001,CatBoost,RUL_capped,sensor_10_roll5_max,0.0,rolling_max,321
FD001,CatBoost,RUL_capped,sensor_15_roll5_range,0.0,rolling_range,322
FD001,CatBoost,RUL_capped,sensor_1_roll10_range,0.0,rolling_range,323
FD001,CatBoost,RUL_capped,sensor_1_roll10_max,0.0,rolling_max,324
FD001,CatBoost,RUL_capped,sensor_1_roll10_min,0.0,rolling_min,325
FD001,CatBoost,RUL_capped,sensor_17_roll5_range,0.0,rolling_range,326
FD001,CatBoost,RUL_capped,sensor_18_roll5_mean,0.0,rolling_mean,327
FD001,CatBoost,RUL_capped,sensor_18_roll5_std,0.0,rolling_std,328
FD001,CatBoost,RUL_capped,sensor_18_roll5_min,0.0,rolling_min,329
FD001,CatBoost,RUL_capped,sensor_18_roll5_max,0.0,rolling_max,330
FD001,CatBoost,RUL_capped,sensor_18_roll5_range,0.0,rolling_range,331
FD001,CatBoost,RUL_capped,sensor_19_roll5_mean,0.0,rolling_mean,332
FD001,CatBoost,RUL_capped,sensor_19_roll5_std,0.0,rolling_std,333
FD001,CatBoost,RUL_capped,sensor_19_roll5_min,0.0,rolling_min,334
FD001,CatBoost,RUL_capped,sensor_19_roll5_max,0.0,rolling_max,335
FD001,CatBoost,RUL_capped,sensor_19_roll5_range,0.0,rolling_range,336
FD001,CatBoost,RUL_capped,sensor_16_roll5_range,0.0,rolling_range,337
FD001,CatBoost,RUL_capped,sensor_20_roll5_std,0.0,rolling_std,338
FD001,CatBoost,RUL_capped,sensor_16_roll5_max,0.0,rolling_max,339
FD001,CatBoost,RUL_capped,sensor_16_roll5_min,0.0,rolling_min,340
FD001,CatBoost,RUL_capped,sensor_20_roll5_range,0.0,rolling_range,341
FD001,CatBoost,RUL_capped,sensor_16_roll5_std,0.0,rolling_std,342
FD001,CatBoost,RUL_capped,sensor_21_roll5_std,0.0,rolling_std,343
FD001,CatBoost,RUL_capped,sensor_21_roll5_min,0.0,rolling_min,344
FD001,CatBoost,RUL_capped,sensor_16_roll5_mean,0.0,rolling_mean,345
FD001,CatBoost,RUL_capped,sensor_21_roll5_range,0.0,rolling_range,346
FD001,CatBoost,RUL_capped,sensor_1_roll10_mean,0.0,rolling_mean,347
FD001,CatBoost,RUL_capped,sensor_1_roll10_std,0.0,rolling_std,348
FD001,CatBoost,RUL_capped,sensor_7_roll10_range,0.0,rolling_range,349
FD001,CatBoost,RUL_capped,sensor_8_roll10_std,0.0,rolling_std,350
FD001,CatBoost,RUL_capped,sensor_20_roll10_range,0.0,rolling_range,351
FD001,CatBoost,RUL_capped,sensor_18_roll10_std,0.0,rolling_std,352
FD001,CatBoost,RUL_capped,sensor_4_roll5_std,0.0,rolling_std,353
FD001,CatBoost,RUL_capped,sensor_16_roll10_mean,0.0,rolling_mean,354
FD001,CatBoost,RUL_capped,sensor_16_roll10_std,0.0,rolling_std,355
FD001,CatBoost,RUL_capped,sensor_16_roll10_min,0.0,rolling_min,356
FD001,CatBoost,RUL_capped,sensor_16_roll10_max,0.0,rolling_max,357
FD001,CatBoost,RUL_capped,sensor_16_roll10_range,0.0,rolling_range,358
FD001,CatBoost,RUL_capped,sensor_3_roll5_range,0.0,rolling_range,359
FD001,CatBoost,RUL_capped,sensor_3_roll5_std,0.0,rolling_std,360
FD001,CatBoost,RUL_capped,sensor_2_roll5_range,0.0,rolling_range,361
FD001,CatBoost,RUL_capped,sensor_17_roll10_max,0.0,rolling_max,362
FD001,CatBoost,RUL_capped,sensor_18_roll10_mean,0.0,rolling_mean,363
FD001,CatBoost,RUL_capped,sensor_18_roll10_min,0.0,rolling_min,364
FD001,CatBoost,RUL_capped,sensor_10_roll5_std,0.0,rolling_std,365
FD001,CatBoost,RUL_capped,sensor_18_roll10_max,0.0,rolling_max,366
FD001,CatBoost,RUL_capped,sensor_18_roll10_range,0.0,rolling_range,367
FD001,CatBoost,RUL_capped,sensor_19_roll10_mean,0.0,rolling_mean,368
FD001,CatBoost,RUL_capped,sensor_19_roll10_std,0.0,rolling_std,369
FD001,CatBoost,RUL_capped,sensor_19_roll10_min,0.0,rolling_min,370
FD001,CatBoost,RUL_capped,sensor_17_roll5_std,0.0,rolling_std,371
FD001,CatBoost,RUL_capped,sensor_19_roll10_range,0.0,rolling_range,372
FD001,CatBoost,RUL_capped,sensor_2_roll5_std,0.0,rolling_std,373
FD001,CatBoost,RUL_capped,sensor_20_roll10_std,0.0,rolling_std,374
FD001,CatBoost,RUL_capped,sensor_1_roll5_range,0.0,rolling_range,375
FD001,CatBoost,RUL_capped,sensor_1_roll5_max,0.0,rolling_max,376
FD001,CatBoost,RUL_capped,sensor_15_roll10_std,0.0,rolling_std,377
FD001,CatBoost,RUL_capped,sensor_5_roll5_mean,0.0,rolling_mean,378
FD001,CatBoost,RUL_capped,sensor_5_roll5_std,0.0,rolling_std,379
FD001,CatBoost,RUL_capped,sensor_5_roll5_min,0.0,rolling_min,380
FD001,CatBoost,RUL_capped,sensor_8_roll10_max,0.0,rolling_max,381
FD001,CatBoost,RUL_capped,sensor_10_roll5_mean,0.0,rolling_mean,382
FD001,CatBoost,RUL_capped,sensor_9_roll5_range,0.0,rolling_range,383
FD001,CatBoost,RUL_capped,sensor_9_roll5_std,0.0,rolling_std,384
FD001,CatBoost,RUL_capped,sensor_8_roll5_range,0.0,rolling_range,385
FD001,CatBoost,RUL_capped,sensor_10_roll10_mean,0.0,rolling_mean,386
FD001,CatBoost,RUL_capped,sensor_10_roll10_std,0.0,rolling_std,387
FD001,CatBoost,RUL_capped,sensor_10_roll10_min,0.0,rolling_min,388
FD001,CatBoost,RUL_capped,sensor_10_roll10_max,0.0,rolling_max,389
FD001,CatBoost,RUL_capped,sensor_10_roll10_range,0.0,rolling_range,390
FD001,CatBoost,RUL_capped,sensor_8_roll5_std,0.0,rolling_std,391
FD001,CatBoost,RUL_capped,sensor_7_roll5_range,0.0,rolling_range,392
FD001,CatBoost,RUL_capped,sensor_7_roll5_std,0.0,rolling_std,393
FD001,CatBoost,RUL_capped,sensor_6_roll5_range,0.0,rolling_range,394
FD001,CatBoost,RUL_capped,sensor_6_roll5_max,0.0,rolling_max,395
FD001,CatBoost,RUL_capped,sensor_12_roll10_std,0.0,rolling_std,396
FD001,CatBoost,RUL_capped,sensor_6_roll5_min,0.0,rolling_min,397
FD001,CatBoost,RUL_capped,sensor_6_roll5_std,0.0,rolling_std,398
FD001,CatBoost,RUL_capped,sensor_6_roll5_mean,0.0,rolling_mean,399
FD001,CatBoost,RUL_capped,sensor_13_roll10_std,0.0,rolling_std,400
FD001,CatBoost,RUL_capped,sensor_5_roll5_range,0.0,rolling_range,401
FD001,CatBoost,RUL_capped,sensor_13_roll10_range,0.0,rolling_range,402
FD001,CatBoost,RUL_capped,sensor_5_roll5_max,0.0,rolling_max,403
FD001,CatBoost,RUL_capped,op_setting_1,0.0,operational_setting,404
FD002,CatBoost,RUL_capped,cycle_sqrt,7.698258921583569,cycle_observable,1
FD002,CatBoost,RUL_capped,cycle_log1p,7.637245119604822,cycle_observable,2
FD002,CatBoost,RUL_capped,sensor_15_roll20_max,3.2927193951744873,rolling_max,3
FD002,CatBoost,RUL_capped,sensor_11_roll20_max,2.17451635178298,rolling_max,4
FD002,CatBoost,RUL_capped,sensor_13_roll20_max,2.013640462546185,rolling_max,5
FD002,CatBoost,RUL_capped,sensor_4_roll20_max,1.8475858369149325,rolling_max,6
FD002,CatBoost,RUL_capped,sensor_12_roll20_max,1.6822322565262495,rolling_max,7
FD002,CatBoost,RUL_capped,sensor_13_roll10_max,1.5547262754690154,rolling_max,8
FD002,CatBoost,RUL_capped,sensor_21_roll20_max,1.2404597364670056,rolling_max,9
FD002,CatBoost,RUL_capped,sensor_11_roll10_min,0.9552207527672774,rolling_min,10
FD002,CatBoost,RUL_capped,sensor_11_roll20_min,0.7324086501751228,rolling_min,11
FD002,CatBoost,RUL_capped,sensor_12_roll10_max,0.7228394052072129,rolling_max,12
FD002,CatBoost,RUL_capped,sensor_13_roll5_max,0.6643831224329355,rolling_max,13
FD002,CatBoost,RUL_capped,sensor_3_roll20_max,0.6573937310763304,rolling_max,14
FD002,CatBoost,RUL_capped,sensor_7_roll10_max,0.6334205152178726,rolling_max,15
FD002,CatBoost,RUL_capped,sensor_8_roll20_max,0.5942218366163737,rolling_max,16
FD002,CatBoost,RUL_capped,sensor_7_roll20_max,0.5197069731757791,rolling_max,17
FD002,CatBoost,RUL_capped,sensor_20_roll10_max,0.5147561675554895,rolling_max,18
FD002,CatBoost,RUL_capped,sensor_15_roll10_max,0.48937437837939257,rolling_max,19
FD002,CatBoost,RUL_capped,sensor_2_roll10_max,0.48182170466205126,rolling_max,20
FD002,CatBoost,RUL_capped,sensor_20_roll20_max,0.4697847594507904,rolling_max,21
FD002,CatBoost,RUL_capped,sensor_15_roll20_min,0.43513125079868953,rolling_min,22
FD002,CatBoost,RUL_capped,sensor_14_roll20_max,0.43375816574993215,rolling_max,23
FD002,CatBoost,RUL_capped,sensor_12_roll5_max,0.43148516108407764,rolling_max,24
FD002,CatBoost,RUL_capped,sensor_2_roll20_max,0.4216882757819994,rolling_max,25
FD002,CatBoost,RUL_capped,sensor_4_roll20_min,0.4172617586066699,rolling_min,26
FD002,CatBoost,RUL_capped,sensor_9_roll20_min,0.4073438694879365,rolling_min,27
FD002,CatBoost,RUL_capped,sensor_4_roll10_min,0.3959506873662441,rolling_min,28
FD002,CatBoost,RUL_capped,sensor_21_roll10_max,0.3276407902316486,rolling_max,29
FD002,CatBoost,RUL_capped,sensor_17_roll20_max,0.30822925231234044,rolling_max,30
FD002,CatBoost,RUL_capped,sensor_7_roll20_min,0.27586275732941784,rolling_min,31
FD002,CatBoost,RUL_capped,sensor_14_roll10_max,0.2660545314526245,rolling_max,32
FD002,CatBoost,RUL_capped,sensor_13_roll20_range,0.2531374630567376,rolling_range,33
FD002,CatBoost,RUL_capped,sensor_15_roll10_min,0.24840904522268545,rolling_min,34
FD002,CatBoost,RUL_capped,sensor_6_roll20_min,0.2287574489859573,rolling_min,35
FD002,CatBoost,RUL_capped,sensor_8_roll10_max,0.22102060321929848,rolling_max,36
FD002,CatBoost,RUL_capped,sensor_3_roll20_min,0.21192223822441458,rolling_min,37
FD002,CatBoost,RUL_capped,sensor_12_roll20_range,0.20099443276467346,rolling_range,38
FD002,CatBoost,RUL_capped,sensor_15,0.19280861616787548,raw_sensor,39
FD002,CatBoost,RUL_capped,sensor_9_roll20_max,0.18596263130775303,rolling_max,40
FD002,CatBoost,RUL_capped,sensor_7_roll5_max,0.18254423206509524,rolling_max,41
FD002,CatBoost,RUL_capped,sensor_13_roll20_min,0.18242958596230543,rolling_min,42
FD002,CatBoost,RUL_capped,sensor_11_roll5_min,0.1787616992254728,rolling_min,43
FD002,CatBoost,RUL_capped,sensor_2_roll20_min,0.1780804490412465,rolling_min,44
FD002,CatBoost,RUL_capped,sensor_8_roll10_min,0.1720881487921274,rolling_min,45
FD002,CatBoost,RUL_capped,sensor_2_roll10_min,0.17007116203667894,rolling_min,46
FD002,CatBoost,RUL_capped,sensor_14_roll20_range,0.15583928074728856,rolling_range,47
FD002,CatBoost,RUL_capped,sensor_21_roll10_range,0.15528220256442452,rolling_range,48
FD002,CatBoost,RUL_capped,sensor_11_roll10_max,0.1533125491462635,rolling_max,49
FD002,CatBoost,RUL_capped,sensor_7_roll10_min,0.14850467137016823,rolling_min,50
FD002,CatBoost,RUL_capped,sensor_8_roll20_min,0.1481603801246237,rolling_min,51
FD002,CatBoost,RUL_capped,sensor_13_roll10_min,0.145796574091407,rolling_min,52
FD002,CatBoost,RUL_capped,sensor_12_roll20_min,0.14351267840427873,rolling_min,53
FD002,CatBoost,RUL_capped,sensor_15_roll5_max,0.14339722443645794,rolling_max,54
FD002,CatBoost,RUL_capped,sensor_4_roll10_max,0.14205056776186248,rolling_max,55
FD002,CatBoost,RUL_capped,sensor_3_roll10_max,0.14178818663015477,rolling_max,56
FD002,CatBoost,RUL_capped,sensor_4_roll5_min,0.1248563894722406,rolling_min,57
FD002,CatBoost,RUL_capped,sensor_7_roll20_range,0.12471021267616163,rolling_range,58
FD002,CatBoost,RUL_capped,sensor_2_roll5_min,0.1230881718912298,rolling_min,59
FD002,CatBoost,RUL_capped,sensor_14_roll20_min,0.12106485920076197,rolling_min,60
FD002,CatBoost,RUL_capped,sensor_3_roll10_min,0.11994760810705075,rolling_min,61
FD002,CatBoost,RUL_capped,sensor_4_roll5_max,0.1198628616625591,rolling_max,62
FD002,CatBoost,RUL_capped,sensor_20_roll5_max,0.11955601537139282,rolling_max,63
FD002,CatBoost,RUL_capped,sensor_8_roll5_max,0.10939263029361525,rolling_max,64
FD002,CatBoost,RUL_capped,sensor_4,0.10365103522760064,raw_sensor,65
FD002,CatBoost,RUL_capped,sensor_14_roll5_max,0.10125665098837192,rolling_max,66
FD002,CatBoost,RUL_capped,sensor_14_roll5_min,0.09890341582853646,rolling_min,67
FD002,CatBoost,RUL_capped,sensor_17_roll5_min,0.09843485009097327,rolling_min,68
FD002,CatBoost,RUL_capped,sensor_15_lag1,0.09813529840889809,lag,69
FD002,CatBoost,RUL_capped,sensor_20_roll20_range,0.08761468391117574,rolling_range,70
FD002,CatBoost,RUL_capped,sensor_17_roll10_min,0.08635466531565864,rolling_min,71
FD002,CatBoost,RUL_capped,sensor_12_roll10_range,0.08625646357532618,rolling_range,72
FD002,CatBoost,RUL_capped,sensor_6_roll20_range,0.08599137203017278,rolling_range,73
FD002,CatBoost,RUL_capped,sensor_4_lag1,0.07857750321717645,lag,74
FD002,CatBoost,RUL_capped,sensor_21_roll5_max,0.07855993465928181,rolling_max,75
FD002,CatBoost,RUL_capped,sensor_9_roll10_min,0.07392298409781821,rolling_min,76
FD002,CatBoost,RUL_capped,sensor_14_roll10_min,0.07376497988062451,rolling_min,77
FD002,CatBoost,RUL_capped,sensor_8_roll5_min,0.0734657523423568,rolling_min,78
FD002,CatBoost,RUL_capped,sensor_20_roll20_min,0.06728797721995325,rolling_min,79
FD002,CatBoost,RUL_capped,sensor_21_roll20_range,0.06590679419612734,rolling_range,80
FD002,CatBoost,RUL_capped,sensor_8_roll20_range,0.06288955481723078,rolling_range,81
FD002,CatBoost,RUL_capped,sensor_21_roll20_min,0.06157465320530559,rolling_min,82
FD002,CatBoost,RUL_capped,sensor_11_roll5_max,0.06108521208657513,rolling_max,83
FD002,CatBoost,RUL_capped,sensor_10_roll20_std,0.06036028724576397,rolling_std,84
FD002,CatBoost,RUL_capped,sensor_13_roll10_range,0.05656790817232517,rolling_range,85
FD002,CatBoost,RUL_capped,sensor_11_roll20_range,0.05637705860630803,rolling_range,86
FD002,CatBoost,RUL_capped,sensor_17_roll10_max,0.05571946404496545,rolling_max,87
FD002,CatBoost,RUL_capped,sensor_13_roll10_mean,0.04724624171557723,rolling_mean,88
FD002,CatBoost,RUL_capped,sensor_2_roll5_max,0.04450577188758513,rolling_max,89
FD002,CatBoost,RUL_capped,sensor_13_roll5_range,0.04429977573456299,rolling_range,90
FD002,CatBoost,RUL_capped,sensor_12_roll5_min,0.04413440750894989,rolling_min,91
FD002,CatBoost,RUL_capped,sensor_3_roll20_range,0.03993277863763253,rolling_range,92
FD002,CatBoost,RUL_capped,sensor_15_roll5_min,0.038557981967372444,rolling_min,93
FD002,CatBoost,RUL_capped,sensor_8_roll10_range,0.035815572442344124,rolling_range,94
FD002,CatBoost,RUL_capped,sensor_15_roll20_range,0.03436271919207956,rolling_range,95
FD002,CatBoost,RUL_capped,sensor_11,0.03397207761448717,raw_sensor,96
FD002,CatBoost,RUL_capped,sensor_3_roll5_min,0.033792074505543716,rolling_min,97
FD002,CatBoost,RUL_capped,sensor_9_roll20_range,0.03112368660824014,rolling_range,98
FD002,CatBoost,RUL_capped,sensor_7_roll10_range,0.030717140629347047,rolling_range,99
FD002,CatBoost,RUL_capped,sensor_9_roll10_max,0.029333538613484974,rolling_max,100
FD002,CatBoost,RUL_capped,sensor_8_lag1,0.028177012598212512,lag,101
FD002,CatBoost,RUL_capped,sensor_7_roll20_mean,0.02713286232016771,rolling_mean,102
FD002,CatBoost,RUL_capped,sensor_10_roll20_mean,0.026811501734632908,rolling_mean,103
FD002,CatBoost,RUL_capped,sensor_20_roll10_min,0.025135565648105963,rolling_min,104
FD002,CatBoost,RUL_capped,sensor_12_roll20_mean,0.025010891017916464,rolling_mean,105
FD002,CatBoost,RUL_capped,sensor_13,0.024687642376974833,raw_sensor,106
FD002,CatBoost,RUL_capped,sensor_20_roll5_range,0.024575025799734987,rolling_range,107
FD002,CatBoost,RUL_capped,sensor_7_roll5_min,0.022878341294042627,rolling_min,108
FD002,CatBoost,RUL_capped,sensor_3_roll5_max,0.022531528615066007,rolling_max,109
FD002,CatBoost,RUL_capped,sensor_12_roll5_range,0.022455106920069866,rolling_range,110
FD002,CatBoost,RUL_capped,sensor_17_roll20_min,0.022289770493220753,rolling_min,111
FD002,CatBoost,RUL_capped,sensor_6_roll10_max,0.022086219844960286,rolling_max,112
FD002,CatBoost,RUL_capped,sensor_21_roll20_mean,0.021066535902047403,rolling_mean,113
FD002,CatBoost,RUL_capped,sensor_2_roll10_range,0.021051634480888183,rolling_range,114
FD002,CatBoost,RUL_capped,sensor_4_roll20_range,0.019553768843865466,rolling_range,115
FD002,CatBoost,RUL_capped,sensor_2,0.017657362563695538,raw_sensor,116
FD002,CatBoost,RUL_capped,sensor_12_roll10_min,0.01622479650029888,rolling_min,117
FD002,CatBoost,RUL_capped,sensor_2_roll20_range,0.015502454323560653,rolling_range,118
FD002,CatBoost,RUL_capped,sensor_16_roll20_mean,0.014875221434887424,rolling_mean,119
FD002,CatBoost,RUL_capped,sensor_17_roll20_range,0.014755548412505962,rolling_range,120
FD002,CatBoost,RUL_capped,sensor_14,0.013834143428522022,raw_sensor,121
FD002,CatBoost,RUL_capped,sensor_2_lag1,0.013800284001849475,lag,122
FD002,CatBoost,RUL_capped,sensor_14_roll5_mean,0.013783293968460432,rolling_mean,123
FD002,CatBoost,RUL_capped,sensor_5_roll20_std,0.01328012871594624,rolling_std,124
FD002,CatBoost,RUL_capped,sensor_4_roll20_std,0.012772840585231765,rolling_std,125
FD002,CatBoost,RUL_capped,sensor_13_roll5_min,0.01241965495117558,rolling_min,126
FD002,CatBoost,RUL_capped,sensor_5_roll10_std,0.01192279672008787,rolling_std,127
FD002,CatBoost,RUL_capped,sensor_1_roll20_mean,0.011908088702001803,rolling_mean,128
FD002,CatBoost,RUL_capped,sensor_21_roll10_min,0.011174055543896456,rolling_min,129
FD002,CatBoost,RUL_capped,sensor_3_roll20_std,0.010867535771129774,rolling_std,130
FD002,CatBoost,RUL_capped,sensor_15_roll5_mean,0.010706184432917173,rolling_mean,131
FD002,CatBoost,RUL_capped,sensor_6_roll10_min,0.010618311274498861,rolling_min,132
FD002,CatBoost,RUL_capped,sensor_16_roll5_range,0.010609551653833548,rolling_range,133
FD002,CatBoost,RUL_capped,sensor_9_roll20_mean,0.010403610935781585,rolling_mean,134
FD002,CatBoost,RUL_capped,sensor_20_roll10_range,0.010208208266344871,rolling_range,135
FD002,CatBoost,RUL_capped,sensor_7_roll10_mean,0.009846593866483117,rolling_mean,136
FD002,CatBoost,RUL_capped,sensor_16_roll20_std,0.00977238134683981,rolling_std,137
FD002,CatBoost,RUL_capped,sensor_15_roll20_mean,0.008655586792637561,rolling_mean,138
FD002,CatBoost,RUL_capped,sensor_13_roll5_std,0.008523140285884457,rolling_std,139
FD002,CatBoost,RUL_capped,sensor_15_roll20_std,0.008448421054814515,rolling_std,140
FD002,CatBoost,RUL_capped,sensor_20_roll20_mean,0.008068628087856699,rolling_mean,141
FD002,CatBoost,RUL_capped,sensor_13_lag1,0.007989074096650593,lag,142
FD002,CatBoost,RUL_capped,sensor_9_roll10_mean,0.007924822976916487,rolling_mean,143
FD002,CatBoost,RUL_capped,sensor_6_roll20_mean,0.007918994666244876,rolling_mean,144
FD002,CatBoost,RUL_capped,sensor_4_roll10_range,0.00772636231866421,rolling_range,145
FD002,CatBoost,RUL_capped,sensor_13_roll20_std,0.007223648019893006,rolling_std,146
FD002,CatBoost,RUL_capped,sensor_2_roll5_mean,0.007090798137123392,rolling_mean,147
FD002,CatBoost,RUL_capped,sensor_13_roll20_mean,0.007050732322451744,rolling_mean,148
FD002,CatBoost,RUL_capped,sensor_9_roll20_std,0.007030211823141329,rolling_std,149
FD002,CatBoost,RUL_capped,sensor_11_roll10_std,0.006653365553469684,rolling_std,150
FD002,CatBoost,RUL_capped,sensor_18_roll10_range,0.006470757536788306,rolling_range,151
FD002,CatBoost,RUL_capped,sensor_4_roll10_std,0.006409118183601335,rolling_std,152
FD002,CatBoost,RUL_capped,sensor_4_roll20_mean,0.006322213554150085,rolling_mean,153
FD002,CatBoost,RUL_capped,sensor_10_roll20_min,0.0058929077094270884,rolling_min,154
FD002,CatBoost,RUL_capped,sensor_1_roll20_std,0.005597153109973714,rolling_std,155
FD002,CatBoost,RUL_capped,sensor_17_roll20_mean,0.005463014357365545,rolling_mean,156
FD002,CatBoost,RUL_capped,sensor_17_roll10_mean,0.00493483353443391,rolling_mean,157
FD002,CatBoost,RUL_capped,sensor_20_roll5_min,0.004302657015527354,rolling_min,158
FD002,CatBoost,RUL_capped,sensor_5_roll20_range,0.0027173144875160668,rolling_range,159
FD002,CatBoost,RUL_capped,sensor_10_roll20_range,0.0023284468523126294,rolling_range,160
FD002,CatBoost,RUL_capped,sensor_6_lag1,0.0,lag,161
FD002,CatBoost,RUL_capped,sensor_6_delta1,0.0,delta,162
FD002,CatBoost,RUL_capped,sensor_5_pct_change1,0.0,percentage_change,163
FD002,CatBoost,RUL_capped,sensor_21_roll10_std,0.0,rolling_std,164
FD002,CatBoost,RUL_capped,sensor_21_roll10_mean,0.0,rolling_mean,165
FD002,CatBoost,RUL_capped,sensor_1_roll20_min,0.0,rolling_min,166
FD002,CatBoost,RUL_capped,sensor_1_roll20_max,0.0,rolling_max,167
FD002,CatBoost,RUL_capped,sensor_19_lag1,0.0,lag,168
FD002,CatBoost,RUL_capped,sensor_20_roll10_std,0.0,rolling_std,169
FD002,CatBoost,RUL_capped,sensor_16_roll10_range,0.0,rolling_range,170
FD002,CatBoost,RUL_capped,sensor_14_roll10_std,0.0,rolling_std,171
FD002,CatBoost,RUL_capped,sensor_7_pct_change1,0.0,percentage_change,172
FD002,CatBoost,RUL_capped,sensor_14_roll10_range,0.0,rolling_range,173
FD002,CatBoost,RUL_capped,sensor_15_roll10_mean,0.0,rolling_mean,174
FD002,CatBoost,RUL_capped,sensor_15_roll10_std,0.0,rolling_std,175
FD002,CatBoost,RUL_capped,sensor_7_delta1,0.0,delta,176
FD002,CatBoost,RUL_capped,sensor_7_lag1,0.0,lag,177
FD002,CatBoost,RUL_capped,sensor_15_roll10_range,0.0,rolling_range,178
FD002,CatBoost,RUL_capped,sensor_16_roll10_mean,0.0,rolling_mean,179
FD002,CatBoost,RUL_capped,sensor_16_roll10_std,0.0,rolling_std,180
FD002,CatBoost,RUL_capped,sensor_16_roll10_min,0.0,rolling_min,181
FD002,CatBoost,RUL_capped,sensor_16_roll10_max,0.0,rolling_max,182
FD002,CatBoost,RUL_capped,sensor_17_roll10_std,0.0,rolling_std,183
FD002,CatBoost,RUL_capped,sensor_20_roll10_mean,0.0,rolling_mean,184
FD002,CatBoost,RUL_capped,sensor_6_pct_change1,0.0,percentage_change,185
FD002,CatBoost,RUL_capped,sensor_17_roll10_range,0.0,rolling_range,186
FD002,CatBoost,RUL_capped,sensor_18_roll10_mean,0.0,rolling_mean,187
FD002,CatBoost,RUL_capped,sensor_18_roll10_std,0.0,rolling_std,188
FD002,CatBoost,RUL_capped,sensor_18_roll10_min,0.0,rolling_min,189
FD002,CatBoost,RUL_capped,sensor_18_roll10_max,0.0,rolling_max,190
FD002,CatBoost,RUL_capped,sensor_19_roll10_mean,0.0,rolling_mean,191
FD002,CatBoost,RUL_capped,sensor_2_roll20_mean,0.0,rolling_mean,192
FD002,CatBoost,RUL_capped,sensor_19_roll10_std,0.0,rolling_std,193
FD002,CatBoost,RUL_capped,sensor_19_roll10_min,0.0,rolling_min,194
FD002,CatBoost,RUL_capped,sensor_19_roll10_max,0.0,rolling_max,195
FD002,CatBoost,RUL_capped,sensor_19_roll10_range,0.0,rolling_range,196
FD002,CatBoost,RUL_capped,sensor_1_roll20_range,0.0,rolling_range,197
FD002,CatBoost,RUL_capped,sensor_7_roll20_std,0.0,rolling_std,198
FD002,CatBoost,RUL_capped,sensor_2_roll20_std,0.0,rolling_std,199
FD002,CatBoost,RUL_capped,sensor_5_delta1,0.0,delta,200
FD002,CatBoost,RUL_capped,sensor_14_roll20_mean,0.0,rolling_mean,201
FD002,CatBoost,RUL_capped,sensor_14_roll20_std,0.0,rolling_std,202
FD002,CatBoost,RUL_capped,sensor_10,0.0,raw_sensor,203
FD002,CatBoost,RUL_capped,sensor_9,0.0,raw_sensor,204
FD002,CatBoost,RUL_capped,sensor_8,0.0,raw_sensor,205
FD002,CatBoost,RUL_capped,sensor_7,0.0,raw_sensor,206
FD002,CatBoost,RUL_capped,sensor_6,0.0,raw_sensor,207
FD002,CatBoost,RUL_capped,sensor_16_roll20_min,0.0,rolling_min,208
FD002,CatBoost,RUL_capped,sensor_16_roll20_max,0.0,rolling_max,209
FD002,CatBoost,RUL_capped,sensor_16_roll20_range,0.0,rolling_range,210
FD002,CatBoost,RUL_capped,sensor_17_roll20_std,0.0,rolling_std,211
FD002,CatBoost,RUL_capped,sensor_5,0.0,raw_sensor,212
FD002,CatBoost,RUL_capped,sensor_18_roll20_mean,0.0,rolling_mean,213
FD002,CatBoost,RUL_capped,sensor_18_roll20_std,0.0,rolling_std,214
FD002,CatBoost,RUL_capped,sensor_18_roll20_min,0.0,rolling_min,215
FD002,CatBoost,RUL_capped,sensor_18_roll20_max,0.0,rolling_max,216
FD002,CatBoost,RUL_capped,sensor_18_roll20_range,0.0,rolling_range,217
FD002,CatBoost,RUL_capped,sensor_19_roll20_mean,0.0,rolling_mean,218
FD002,CatBoost,RUL_capped,sensor_19_roll20_std,0.0,rolling_std,219
FD002,CatBoost,RUL_capped,sensor_19_roll20_min,0.0,rolling_min,220
FD002,CatBoost,RUL_capped,sensor_19_roll20_max,0.0,rolling_max,221
FD002,CatBoost,RUL_capped,sensor_19_roll20_range,0.0,rolling_range,222
FD002,CatBoost,RUL_capped,sensor_20_roll20_std,0.0,rolling_std,223
FD002,CatBoost,RUL_capped,sensor_3,0.0,raw_sensor,224
FD002,CatBoost,RUL_capped,sensor_1,0.0,raw_sensor,225
FD002,CatBoost,RUL_capped,sensor_21_roll20_std,0.0,rolling_std,226
FD002,CatBoost,RUL_capped,op_setting_3,0.0,operational_setting,227
FD002,CatBoost,RUL_capped,sensor_12,0.0,raw_sensor,228
FD002,CatBoost,RUL_capped,sensor_16,0.0,raw_sensor,229
FD002,CatBoost,RUL_capped,sensor_17,0.0,raw_sensor,230
FD002,CatBoost,RUL_capped,sensor_2_pct_change1,0.0,percentage_change,231
FD002,CatBoost,RUL_capped,sensor_5_lag1,0.0,lag,232
FD002,CatBoost,RUL_capped,sensor_3_roll20_mean,0.0,rolling_mean,233
FD002,CatBoost,RUL_capped,sensor_4_pct_change1,0.0,percentage_change,234
FD002,CatBoost,RUL_capped,sensor_4_delta1,0.0,delta,235
FD002,CatBoost,RUL_capped,sensor_3_pct_change1,0.0,percentage_change,236
FD002,CatBoost,RUL_capped,sensor_3_delta1,0.0,delta,237
FD002,CatBoost,RUL_capped,sensor_5_roll20_mean,0.0,rolling_mean,238
FD002,CatBoost,RUL_capped,sensor_5_roll20_min,0.0,rolling_min,239
FD002,CatBoost,RUL_capped,sensor_5_roll20_max,0.0,rolling_max,240
FD002,CatBoost,RUL_capped,sensor_6_roll20_std,0.0,rolling_std,241
FD002,CatBoost,RUL_capped,sensor_3_lag1,0.0,lag,242
FD002,CatBoost,RUL_capped,sensor_6_roll20_max,0.0,rolling_max,243
FD002,CatBoost,RUL_capped,sensor_2_delta1,0.0,delta,244
FD002,CatBoost,RUL_capped,sensor_12_roll20_std,0.0,rolling_std,245
FD002,CatBoost,RUL_capped,sensor_1_pct_change1,0.0,percentage_change,246
FD002,CatBoost,RUL_capped,sensor_8_roll20_mean,0.0,rolling_mean,247
FD002,CatBoost,RUL_capped,sensor_8_roll20_std,0.0,rolling_std,248
FD002,CatBoost,RUL_capped,sensor_1_delta1,0.0,delta,249
FD002,CatBoost,RUL_capped,sensor_1_lag1,0.0,lag,250
FD002,CatBoost,RUL_capped,sensor_21,0.0,raw_sensor,251
FD002,CatBoost,RUL_capped,sensor_20,0.0,raw_sensor,252
FD002,CatBoost,RUL_capped,sensor_10_roll20_max,0.0,rolling_max,253
FD002,CatBoost,RUL_capped,sensor_11_roll20_mean,0.0,rolling_mean,254
FD002,CatBoost,RUL_capped,sensor_11_roll20_std,0.0,rolling_std,255
FD002,CatBoost,RUL_capped,sensor_19,0.0,raw_sensor,256
FD002,CatBoost,RUL_capped,sensor_18,0.0,raw_sensor,257
FD002,CatBoost,RUL_capped,sensor_14_roll10_mean,0.0,rolling_mean,258
FD002,CatBoost,RUL_capped,sensor_10_roll10_max,0.0,rolling_max,259
FD002,CatBoost,RUL_capped,sensor_8_delta1,0.0,delta,260
FD002,CatBoost,RUL_capped,sensor_16_roll5_min,0.0,rolling_min,261
FD002,CatBoost,RUL_capped,sensor_10_roll5_max,0.0,rolling_max,262
FD002,CatBoost,RUL_capped,sensor_10_roll5_min,0.0,rolling_min,263
FD002,CatBoost,RUL_capped,sensor_10_roll5_std,0.0,rolling_std,264
FD002,CatBoost,RUL_capped,sensor_10_roll5_mean,0.0,rolling_mean,265
FD002,CatBoost,RUL_capped,sensor_9_roll5_range,0.0,rolling_range,266
FD002,CatBoost,RUL_capped,sensor_9_roll5_max,0.0,rolling_max,267
FD002,CatBoost,RUL_capped,sensor_9_roll5_min,0.0,rolling_min,268
FD002,CatBoost,RUL_capped,sensor_9_roll5_std,0.0,rolling_std,269
FD002,CatBoost,RUL_capped,sensor_9_roll5_mean,0.0,rolling_mean,270
FD002,CatBoost,RUL_capped,sensor_8_roll5_range,0.0,rolling_range,271
FD002,CatBoost,RUL_capped,sensor_17_lag1,0.0,lag,272
FD002,CatBoost,RUL_capped,sensor_17_delta1,0.0,delta,273
FD002,CatBoost,RUL_capped,sensor_8_roll5_std,0.0,rolling_std,274
FD002,CatBoost,RUL_capped,sensor_8_roll5_mean,0.0,rolling_mean,275
FD002,CatBoost,RUL_capped,sensor_7_roll5_range,0.0,rolling_range,276
FD002,CatBoost,RUL_capped,sensor_10_roll5_range,0.0,rolling_range,277
FD002,CatBoost,RUL_capped,sensor_11_roll5_mean,0.0,rolling_mean,278
FD002,CatBoost,RUL_capped,sensor_11_roll5_std,0.0,rolling_std,279
FD002,CatBoost,RUL_capped,sensor_15_pct_change1,0.0,percentage_change,280
FD002,CatBoost,RUL_capped,sensor_16_roll5_mean,0.0,rolling_mean,281
FD002,CatBoost,RUL_capped,sensor_15_roll5_range,0.0,rolling_range,282
FD002,CatBoost,RUL_capped,sensor_14_pct_change1,0.0,percentage_change,283
FD002,CatBoost,RUL_capped,sensor_15_roll5_std,0.0,rolling_std,284
FD002,CatBoost,RUL_capped,sensor_14_roll5_range,0.0,rolling_range,285
FD002,CatBoost,RUL_capped,sensor_15_delta1,0.0,delta,286
FD002,CatBoost,RUL_capped,sensor_14_roll5_std,0.0,rolling_std,287
FD002,CatBoost,RUL_capped,sensor_16_pct_change1,0.0,percentage_change,288
FD002,CatBoost,RUL_capped,sensor_16_lag1,0.0,lag,289
FD002,CatBoost,RUL_capped,sensor_13_roll5_mean,0.0,rolling_mean,290
FD002,CatBoost,RUL_capped,sensor_16_delta1,0.0,delta,291
FD002,CatBoost,RUL_capped,sensor_12_roll5_std,0.0,rolling_std,292
FD002,CatBoost,RUL_capped,sensor_12_roll5_mean,0.0,rolling_mean,293
FD002,CatBoost,RUL_capped,sensor_11_roll5_range,0.0,rolling_range,294
FD002,CatBoost,RUL_capped,sensor_17_pct_change1,0.0,percentage_change,295
FD002,CatBoost,RUL_capped,sensor_7_roll5_std,0.0,rolling_std,296
FD002,CatBoost,RUL_capped,sensor_7_roll5_mean,0.0,rolling_mean,297
FD002,CatBoost,RUL_capped,sensor_1_roll5_mean,0.0,rolling_mean,298
FD002,CatBoost,RUL_capped,sensor_18_pct_change1,0.0,percentage_change,299
FD002,CatBoost,RUL_capped,sensor_2_roll5_std,0.0,rolling_std,300
FD002,CatBoost,RUL_capped,sensor_1_roll5_range,0.0,rolling_range,301
FD002,CatBoost,RUL_capped,sensor_1_roll5_max,0.0,rolling_max,302
FD002,CatBoost,RUL_capped,sensor_1_roll5_min,0.0,rolling_min,303
FD002,CatBoost,RUL_capped,sensor_1_roll5_std,0.0,rolling_std,304
FD002,CatBoost,RUL_capped,sensor_21_pct_change1,0.0,percentage_change,305
FD002,CatBoost,RUL_capped,sensor_3_roll5_mean,0.0,rolling_mean,306
FD002,CatBoost,RUL_capped,sensor_21_delta1,0.0,delta,307
FD002,CatBoost,RUL_capped,sensor_21_lag1,0.0,lag,308
FD002,CatBoost,RUL_capped,sensor_20_pct_change1,0.0,percentage_change,309
FD002,CatBoost,RUL_capped,sensor_20_delta1,0.0,delta,310
FD002,CatBoost,RUL_capped,sensor_20_lag1,0.0,lag,311
FD002,CatBoost,RUL_capped,sensor_19_pct_change1,0.0,percentage_change,312
FD002,CatBoost,RUL_capped,sensor_2_roll5_range,0.0,rolling_range,313
FD002,CatBoost,RUL_capped,sensor_3_roll5_std,0.0,rolling_std,314
FD002,CatBoost,RUL_capped,sensor_6_roll5_range,0.0,rolling_range,315
FD002,CatBoost,RUL_capped,sensor_5_roll5_min,0.0,rolling_min,316
FD002,CatBoost,RUL_capped,sensor_6_roll5_max,0.0,rolling_max,317
FD002,CatBoost,RUL_capped,sensor_6_roll5_min,0.0,rolling_min,318
FD002,CatBoost,RUL_capped,sensor_6_roll5_std,0.0,rolling_std,319
FD002,CatBoost,RUL_capped,sensor_6_roll5_mean,0.0,rolling_mean,320
FD002,CatBoost,RUL_capped,sensor_5_roll5_range,0.0,rolling_range,321
FD002,CatBoost,RUL_capped,sensor_5_roll5_max,0.0,rolling_max,322
FD002,CatBoost,RUL_capped,sensor_5_roll5_std,0.0,rolling_std,323
FD002,CatBoost,RUL_capped,sensor_3_roll5_range,0.0,rolling_range,324
FD002,CatBoost,RUL_capped,sensor_5_roll5_mean,0.0,rolling_mean,325
FD002,CatBoost,RUL_capped,sensor_4_roll5_range,0.0,rolling_range,326
FD002,CatBoost,RUL_capped,sensor_18_lag1,0.0,lag,327
FD002,CatBoost,RUL_capped,sensor_18_delta1,0.0,delta,328
FD002,CatBoost,RUL_capped,sensor_4_roll5_std,0.0,rolling_std,329
FD002,CatBoost,RUL_capped,sensor_4_roll5_mean,0.0,rolling_mean,330
FD002,CatBoost,RUL_capped,sensor_16_roll5_std,0.0,rolling_std,331
FD002,CatBoost,RUL_capped,sensor_16_roll5_max,0.0,rolling_max,332
FD002,CatBoost,RUL_capped,sensor_8_pct_change1,0.0,percentage_change,333
FD002,CatBoost,RUL_capped,sensor_17_roll5_mean,0.0,rolling_mean,334
FD002,CatBoost,RUL_capped,sensor_11_lag1,0.0,lag,335
FD002,CatBoost,RUL_capped,sensor_8_roll10_std,0.0,rolling_std,336
FD002,CatBoost,RUL_capped,sensor_8_roll10_mean,0.0,rolling_mean,337
FD002,CatBoost,RUL_capped,sensor_11_delta1,0.0,delta,338
FD002,CatBoost,RUL_capped,sensor_11_pct_change1,0.0,percentage_change,339
FD002,CatBoost,RUL_capped,sensor_7_roll10_std,0.0,rolling_std,340
FD002,CatBoost,RUL_capped,sensor_6_roll10_range,0.0,rolling_range,341
FD002,CatBoost,RUL_capped,sensor_6_roll10_std,0.0,rolling_std,342
FD002,CatBoost,RUL_capped,sensor_6_roll10_mean,0.0,rolling_mean,343
FD002,CatBoost,RUL_capped,sensor_5_roll10_range,0.0,rolling_range,344
FD002,CatBoost,RUL_capped,sensor_5_roll10_max,0.0,rolling_max,345
FD002,CatBoost,RUL_capped,sensor_5_roll10_min,0.0,rolling_min,346
FD002,CatBoost,RUL_capped,sensor_5_roll10_mean,0.0,rolling_mean,347
FD002,CatBoost,RUL_capped,sensor_12_lag1,0.0,lag,348
FD002,CatBoost,RUL_capped,sensor_12_delta1,0.0,delta,349
FD002,CatBoost,RUL_capped,sensor_10_pct_change1,0.0,percentage_change,350
FD002,CatBoost,RUL_capped,sensor_9_roll10_std,0.0,rolling_std,351
FD002,CatBoost,RUL_capped,sensor_10_delta1,0.0,delta,352
FD002,CatBoost,RUL_capped,sensor_9_pct_change1,0.0,percentage_change,353
FD002,CatBoost,RUL_capped,sensor_13_roll10_std,0.0,rolling_std,354
FD002,CatBoost,RUL_capped,sensor_9_lag1,0.0,lag,355
FD002,CatBoost,RUL_capped,sensor_9_delta1,0.0,delta,356
FD002,CatBoost,RUL_capped,sensor_12_roll10_std,0.0,rolling_std,357
FD002,CatBoost,RUL_capped,sensor_12_roll10_mean,0.0,rolling_mean,358
FD002,CatBoost,RUL_capped,sensor_11_roll10_range,0.0,rolling_range,359
FD002,CatBoost,RUL_capped,sensor_10_lag1,0.0,lag,360
FD002,CatBoost,RUL_capped,sensor_9_roll10_range,0.0,rolling_range,361
FD002,CatBoost,RUL_capped,sensor_11_roll10_mean,0.0,rolling_mean,362
FD002,CatBoost,RUL_capped,sensor_10_roll10_range,0.0,rolling_range,363
FD002,CatBoost,RUL_capped,sensor_19_delta1,0.0,delta,364
FD002,CatBoost,RUL_capped,sensor_10_roll10_min,0.0,rolling_min,365
FD002,CatBoost,RUL_capped,sensor_10_roll10_std,0.0,rolling_std,366
FD002,CatBoost,RUL_capped,sensor_10_roll10_mean,0.0,rolling_mean,367
FD002,CatBoost,RUL_capped,sensor_4_roll10_mean,0.0,rolling_mean,368
FD002,CatBoost,RUL_capped,sensor_3_roll10_range,0.0,rolling_range,369
FD002,CatBoost,RUL_capped,sensor_12_pct_change1,0.0,percentage_change,370
FD002,CatBoost,RUL_capped,sensor_18_roll5_max,0.0,rolling_max,371
FD002,CatBoost,RUL_capped,sensor_19_roll5_range,0.0,rolling_range,372
FD002,CatBoost,RUL_capped,sensor_19_roll5_max,0.0,rolling_max,373
FD002,CatBoost,RUL_capped,sensor_19_roll5_min,0.0,rolling_min,374
FD002,CatBoost,RUL_capped,sensor_19_roll5_std,0.0,rolling_std,375
FD002,CatBoost,RUL_capped,sensor_19_roll5_mean,0.0,rolling_mean,376
FD002,CatBoost,RUL_capped,sensor_18_roll5_range,0.0,rolling_range,377
FD002,CatBoost,RUL_capped,sensor_18_roll5_min,0.0,rolling_min,378
FD002,CatBoost,RUL_capped,sensor_20_roll5_std,0.0,rolling_std,379
FD002,CatBoost,RUL_capped,sensor_18_roll5_std,0.0,rolling_std,380
FD002,CatBoost,RUL_capped,sensor_18_roll5_mean,0.0,rolling_mean,381
FD002,CatBoost,RUL_capped,sensor_17_roll5_range,0.0,rolling_range,382
FD002,CatBoost,RUL_capped,sensor_17_roll5_max,0.0,rolling_max,383
FD002,CatBoost,RUL_capped,sensor_14_delta1,0.0,delta,384
FD002,CatBoost,RUL_capped,sensor_17_roll5_std,0.0,rolling_std,385
FD002,CatBoost,RUL_capped,sensor_20_roll5_mean,0.0,rolling_mean,386
FD002,CatBoost,RUL_capped,sensor_14_lag1,0.0,lag,387
FD002,CatBoost,RUL_capped,sensor_3_roll10_std,0.0,rolling_std,388
FD002,CatBoost,RUL_capped,sensor_1_roll10_max,0.0,rolling_max,389
FD002,CatBoost,RUL_capped,sensor_3_roll10_mean,0.0,rolling_mean,390
FD002,CatBoost,RUL_capped,op_setting_2,0.0,operational_setting,391
FD002,CatBoost,RUL_capped,sensor_13_delta1,0.0,delta,392
FD002,CatBoost,RUL_capped,sensor_2_roll10_std,0.0,rolling_std,393
FD002,CatBoost,RUL_capped,sensor_2_roll10_mean,0.0,rolling_mean,394
FD002,CatBoost,RUL_capped,sensor_1_roll10_range,0.0,rolling_range,395
FD002,CatBoost,RUL_capped,sensor_1_roll10_min,0.0,rolling_min,396
FD002,CatBoost,RUL_capped,sensor_21_roll5_mean,0.0,rolling_mean,397
FD002,CatBoost,RUL_capped,sensor_1_roll10_std,0.0,rolling_std,398
FD002,CatBoost,RUL_capped,sensor_1_roll10_mean,0.0,rolling_mean,399
FD002,CatBoost,RUL_capped,sensor_21_roll5_range,0.0,rolling_range,400
FD002,CatBoost,RUL_capped,sensor_13_pct_change1,0.0,percentage_change,401
FD002,CatBoost,RUL_capped,sensor_21_roll5_min,0.0,rolling_min,402
FD002,CatBoost,RUL_capped,sensor_21_roll5_std,0.0,rolling_std,403
FD002,CatBoost,RUL_capped,op_setting_1,0.0,operational_setting,404
FD003,CatBoost,RUL_capped,cycle_log1p,4.436372010681082,cycle_observable,1
FD003,CatBoost,RUL_capped,cycle_sqrt,3.841953001333743,cycle_observable,2
FD003,CatBoost,RUL_capped,sensor_12_roll20_std,2.689556231593708,rolling_std,3
FD003,CatBoost,RUL_capped,sensor_11_roll5_mean,1.4721019468808896,rolling_mean,4
FD003,CatBoost,RUL_capped,sensor_11_roll10_mean,1.2417523384971312,rolling_mean,5
FD003,CatBoost,RUL_capped,sensor_7_roll20_std,1.0671839237772454,rolling_std,6
FD003,CatBoost,RUL_capped,sensor_3_roll10_mean,1.040334288828173,rolling_mean,7
FD003,CatBoost,RUL_capped,sensor_11_roll5_max,0.9725763540287081,rolling_max,8
FD003,CatBoost,RUL_capped,sensor_12_roll20_range,0.9704869390884916,rolling_range,9
FD003,CatBoost,RUL_capped,sensor_7_roll20_range,0.9645653803347407,rolling_range,10
FD003,CatBoost,RUL_capped,sensor_3_roll20_mean,0.8664526249884719,rolling_mean,11
FD003,CatBoost,RUL_capped,sensor_17_roll10_mean,0.854813670904581,rolling_mean,12
FD003,CatBoost,RUL_capped,sensor_9_roll5_mean,0.7793521310889311,rolling_mean,13
FD003,CatBoost,RUL_capped,sensor_11_roll5_min,0.6727416209184093,rolling_min,14
FD003,CatBoost,RUL_capped,sensor_9_roll20_range,0.5595133325565846,rolling_range,15
FD003,CatBoost,RUL_capped,sensor_17_roll5_mean,0.5590237188549527,rolling_mean,16
FD003,CatBoost,RUL_capped,sensor_4_roll5_max,0.5358825302086284,rolling_max,17
FD003,CatBoost,RUL_capped,sensor_4_roll5_mean,0.5220775144873423,rolling_mean,18
FD003,CatBoost,RUL_capped,sensor_11_roll10_max,0.5089084111945915,rolling_max,19
FD003,CatBoost,RUL_capped,sensor_7_roll20_max,0.4981133448120951,rolling_max,20
FD003,CatBoost,RUL_capped,sensor_9,0.4900326995518228,raw_sensor,21
FD003,CatBoost,RUL_capped,sensor_9_roll10_max,0.4827456326630727,rolling_max,22
FD003,CatBoost,RUL_capped,sensor_4_roll5_min,0.4762247059662254,rolling_min,23
FD003,CatBoost,RUL_capped,sensor_2_roll10_max,0.4307090453879019,rolling_max,24
FD003,CatBoost,RUL_capped,sensor_3_roll5_mean,0.4260179634897191,rolling_mean,25
FD003,CatBoost,RUL_capped,sensor_17_roll20_mean,0.41007798000585094,rolling_mean,26
FD003,CatBoost,RUL_capped,sensor_13_roll20_range,0.4093912004452643,rolling_range,27
FD003,CatBoost,RUL_capped,sensor_4_roll20_mean,0.3949097226598928,rolling_mean,28
FD003,CatBoost,RUL_capped,sensor_4_roll10_max,0.3906734147239421,rolling_max,29
FD003,CatBoost,RUL_capped,sensor_9_roll10_mean,0.37850740333279254,rolling_mean,30
FD003,CatBoost,RUL_capped,sensor_6_roll20_mean,0.3566893749545065,rolling_mean,31
FD003,CatBoost,RUL_capped,sensor_9_roll20_max,0.35395067297486055,rolling_max,32
FD003,CatBoost,RUL_capped,sensor_11_roll10_min,0.3483752960895147,rolling_min,33
FD003,CatBoost,RUL_capped,sensor_17_roll10_min,0.34549960620058384,rolling_min,34
FD003,CatBoost,RUL_capped,sensor_17_roll10_max,0.34479110478125546,rolling_max,35
FD003,CatBoost,RUL_capped,sensor_11_roll20_max,0.33980538004840366,rolling_max,36
FD003,CatBoost,RUL_capped,sensor_13_roll20_min,0.33788736866191477,rolling_min,37
FD003,CatBoost,RUL_capped,sensor_2_roll5_mean,0.3363513298473051,rolling_mean,38
FD003,CatBoost,RUL_capped,sensor_14_roll20_max,0.3222755834548656,rolling_max,39
FD003,CatBoost,RUL_capped,sensor_8_roll20_std,0.32144370097674985,rolling_std,40
FD003,CatBoost,RUL_capped,sensor_2_roll20_mean,0.31096002136313833,rolling_mean,41
FD003,CatBoost,RUL_capped,sensor_6_roll10_mean,0.3073669756940454,rolling_mean,42
FD003,CatBoost,RUL_capped,sensor_14_roll20_mean,0.30466035897849325,rolling_mean,43
FD003,CatBoost,RUL_capped,sensor_9_roll5_max,0.30347441153858484,rolling_max,44
FD003,CatBoost,RUL_capped,sensor_2_roll20_range,0.293047852948594,rolling_range,45
FD003,CatBoost,RUL_capped,sensor_4_roll10_mean,0.2833531149564532,rolling_mean,46
FD003,CatBoost,RUL_capped,sensor_9_roll5_min,0.2799154440047143,rolling_min,47
FD003,CatBoost,RUL_capped,sensor_9_roll20_std,0.2528839971793595,rolling_std,48
FD003,CatBoost,RUL_capped,sensor_7_roll20_min,0.24555072539138853,rolling_min,49
FD003,CatBoost,RUL_capped,sensor_15_roll20_max,0.24156852296273876,rolling_max,50
FD003,CatBoost,RUL_capped,sensor_14_roll10_min,0.23832339817536216,rolling_min,51
FD003,CatBoost,RUL_capped,sensor_13_roll20_max,0.23025311067427007,rolling_max,52
FD003,CatBoost,RUL_capped,sensor_14_roll5_mean,0.22602233070990152,rolling_mean,53
FD003,CatBoost,RUL_capped,sensor_14_roll5_max,0.22443319009542037,rolling_max,54
FD003,CatBoost,RUL_capped,sensor_21_roll20_range,0.22295192764022673,rolling_range,55
FD003,CatBoost,RUL_capped,sensor_14_roll5_min,0.21000284787283793,rolling_min,56
FD003,CatBoost,RUL_capped,sensor_15_roll20_range,0.20426399022306277,rolling_range,57
FD003,CatBoost,RUL_capped,sensor_12_roll20_max,0.20008291146325055,rolling_max,58
FD003,CatBoost,RUL_capped,sensor_3_roll5_max,0.19534994717935406,rolling_max,59
FD003,CatBoost,RUL_capped,sensor_12_roll5_mean,0.18854415633225816,rolling_mean,60
FD003,CatBoost,RUL_capped,sensor_4_roll20_min,0.1881853758416881,rolling_min,61
FD003,CatBoost,RUL_capped,sensor_8_roll5_mean,0.18503270698565458,rolling_mean,62
FD003,CatBoost,RUL_capped,sensor_11_roll20_mean,0.18421758582895092,rolling_mean,63
FD003,CatBoost,RUL_capped,sensor_14_lag1,0.18354446532415514,lag,64
FD003,CatBoost,RUL_capped,sensor_20_roll20_max,0.1814365916940321,rolling_max,65
FD003,CatBoost,RUL_capped,sensor_13_roll20_std,0.17997647496582178,rolling_std,66
FD003,CatBoost,RUL_capped,sensor_12_roll20_min,0.17919234296520578,rolling_min,67
FD003,CatBoost,RUL_capped,sensor_3_roll20_min,0.17784746118566988,rolling_min,68
FD003,CatBoost,RUL_capped,sensor_14,0.17483445565962366,raw_sensor,69
FD003,CatBoost,RUL_capped,sensor_21_roll20_min,0.17185827892789526,rolling_min,70
FD003,CatBoost,RUL_capped,sensor_14_roll20_std,0.16829209524445962,rolling_std,71
FD003,CatBoost,RUL_capped,sensor_9_lag1,0.16678653700333249,lag,72
FD003,CatBoost,RUL_capped,sensor_11_roll20_min,0.16616716765688339,rolling_min,73
FD003,CatBoost,RUL_capped,sensor_8_roll20_range,0.16021889464354283,rolling_range,74
FD003,CatBoost,RUL_capped,sensor_11_lag1,0.15863027791455536,lag,75
FD003,CatBoost,RUL_capped,sensor_12_roll10_min,0.15636231501622058,rolling_min,76
FD003,CatBoost,RUL_capped,sensor_9_roll20_min,0.15489823148098478,rolling_min,77
FD003,CatBoost,RUL_capped,sensor_2_roll10_mean,0.14810975134570295,rolling_mean,78
FD003,CatBoost,RUL_capped,sensor_21_roll10_max,0.14760273851065253,rolling_max,79
FD003,CatBoost,RUL_capped,sensor_2_roll20_std,0.14518155711463784,rolling_std,80
FD003,CatBoost,RUL_capped,sensor_8_roll20_min,0.1442176757502138,rolling_min,81
FD003,CatBoost,RUL_capped,sensor_14_roll20_range,0.14249736643699284,rolling_range,82
FD003,CatBoost,RUL_capped,sensor_12_roll10_mean,0.13859062613093764,rolling_mean,83
FD003,CatBoost,RUL_capped,sensor_7_roll5_max,0.1361223275615174,rolling_max,84
FD003,CatBoost,RUL_capped,sensor_8_lag1,0.1360626091715015,lag,85
FD003,CatBoost,RUL_capped,sensor_14_roll20_min,0.13473555974932874,rolling_min,86
FD003,CatBoost,RUL_capped,sensor_2_roll5_min,0.13410428485586373,rolling_min,87
FD003,CatBoost,RUL_capped,sensor_12_roll10_range,0.13318006824985343,rolling_range,88
FD003,CatBoost,RUL_capped,sensor_2_roll20_min,0.13145844551441488,rolling_min,89
FD003,CatBoost,RUL_capped,sensor_8_roll5_max,0.1289367478493246,rolling_max,90
FD003,CatBoost,RUL_capped,sensor_12_roll5_max,0.12825164702023237,rolling_max,91
FD003,CatBoost,RUL_capped,sensor_20_roll5_max,0.1276378601984112,rolling_max,92
FD003,CatBoost,RUL_capped,sensor_15_roll20_min,0.12562721866552903,rolling_min,93
FD003,CatBoost,RUL_capped,sensor_8,0.1244939105102956,raw_sensor,94
FD003,CatBoost,RUL_capped,sensor_9_roll10_min,0.1241020416477065,rolling_min,95
FD003,CatBoost,RUL_capped,sensor_4_roll20_max,0.12062075259089437,rolling_max,96
FD003,CatBoost,RUL_capped,sensor_4_roll10_min,0.12032765886752281,rolling_min,97
FD003,CatBoost,RUL_capped,sensor_13_roll10_max,0.11853099435253045,rolling_max,98
FD003,CatBoost,RUL_capped,sensor_3_roll20_max,0.11540826890634234,rolling_max,99
FD003,CatBoost,RUL_capped,sensor_8_roll10_max,0.11407124550483327,rolling_max,100
FD003,CatBoost,RUL_capped,sensor_13,0.11145660864476148,raw_sensor,101
FD003,CatBoost,RUL_capped,sensor_14_roll10_max,0.10778822021455416,rolling_max,102
FD003,CatBoost,RUL_capped,sensor_17_roll20_min,0.10531144914702031,rolling_min,103
FD003,CatBoost,RUL_capped,sensor_17_roll5_max,0.1045585970481312,rolling_max,104
FD003,CatBoost,RUL_capped,sensor_2_roll20_max,0.10208715939960843,rolling_max,105
FD003,CatBoost,RUL_capped,sensor_9_roll20_mean,0.1013729806081504,rolling_mean,106
FD003,CatBoost,RUL_capped,sensor_7_roll5_mean,0.10036825358569261,rolling_mean,107
FD003,CatBoost,RUL_capped,sensor_7_roll10_max,0.09979680162345342,rolling_max,108
FD003,CatBoost,RUL_capped,sensor_8_roll20_mean,0.0991529552278445,rolling_mean,109
FD003,CatBoost,RUL_capped,sensor_6_roll5_mean,0.09900643265989123,rolling_mean,110
FD003,CatBoost,RUL_capped,sensor_8_roll20_max,0.0983880507877384,rolling_max,111
FD003,CatBoost,RUL_capped,sensor_21_roll20_max,0.09683828381820309,rolling_max,112
FD003,CatBoost,RUL_capped,sensor_6_roll20_min,0.09207920346943746,rolling_min,113
FD003,CatBoost,RUL_capped,sensor_20_roll20_mean,0.09114064934244143,rolling_mean,114
FD003,CatBoost,RUL_capped,sensor_15_roll10_mean,0.08802868451906597,rolling_mean,115
FD003,CatBoost,RUL_capped,sensor_20_roll10_range,0.08540031112418134,rolling_range,116
FD003,CatBoost,RUL_capped,sensor_20_roll10_min,0.08480139615738361,rolling_min,117
FD003,CatBoost,RUL_capped,sensor_7_roll10_mean,0.08477643158798667,rolling_mean,118
FD003,CatBoost,RUL_capped,sensor_20_roll20_min,0.0820830494115526,rolling_min,119
FD003,CatBoost,RUL_capped,sensor_13_roll5_min,0.08168001818905568,rolling_min,120
FD003,CatBoost,RUL_capped,sensor_15_roll20_mean,0.07877430049234,rolling_mean,121
FD003,CatBoost,RUL_capped,sensor_13_roll10_min,0.07822758878131603,rolling_min,122
FD003,CatBoost,RUL_capped,sensor_15_roll20_std,0.07784908064858848,rolling_std,123
FD003,CatBoost,RUL_capped,sensor_15_roll5_mean,0.07662473223037301,rolling_mean,124
FD003,CatBoost,RUL_capped,sensor_8_roll10_mean,0.07619378552720181,rolling_mean,125
FD003,CatBoost,RUL_capped,sensor_21_roll5_mean,0.07525083268755584,rolling_mean,126
FD003,CatBoost,RUL_capped,sensor_12_roll20_mean,0.07308140103148315,rolling_mean,127
FD003,CatBoost,RUL_capped,sensor_21_roll5_max,0.07271139330516097,rolling_max,128
FD003,CatBoost,RUL_capped,sensor_14_roll10_mean,0.06904379832687589,rolling_mean,129
FD003,CatBoost,RUL_capped,sensor_20_roll10_max,0.06754860115988025,rolling_max,130
FD003,CatBoost,RUL_capped,sensor_7_roll10_std,0.06512823177681407,rolling_std,131
FD003,CatBoost,RUL_capped,sensor_13_roll20_mean,0.06470230358581501,rolling_mean,132
FD003,CatBoost,RUL_capped,sensor_6_roll5_min,0.05964400596018273,rolling_min,133
FD003,CatBoost,RUL_capped,sensor_21_roll10_min,0.05912733883184317,rolling_min,134
FD003,CatBoost,RUL_capped,sensor_11,0.05391629957940749,raw_sensor,135
FD003,CatBoost,RUL_capped,sensor_15_roll10_min,0.053422671241346545,rolling_min,136
FD003,CatBoost,RUL_capped,sensor_7_lag1,0.05284111766537477,lag,137
FD003,CatBoost,RUL_capped,sensor_21_roll5_min,0.052298158381267806,rolling_min,138
FD003,CatBoost,RUL_capped,sensor_15_roll10_max,0.05204738856107334,rolling_max,139
FD003,CatBoost,RUL_capped,sensor_12_roll10_max,0.051649663711550206,rolling_max,140
FD003,CatBoost,RUL_capped,sensor_2_roll5_max,0.05064716401682036,rolling_max,141
FD003,CatBoost,RUL_capped,sensor_13_roll5_mean,0.050487002172580446,rolling_mean,142
FD003,CatBoost,RUL_capped,sensor_6_roll5_max,0.049726740745269275,rolling_max,143
FD003,CatBoost,RUL_capped,sensor_2_roll10_min,0.049158254031527744,rolling_min,144
FD003,CatBoost,RUL_capped,sensor_17_roll10_std,0.048571185053568645,rolling_std,145
FD003,CatBoost,RUL_capped,sensor_21_roll20_mean,0.04815489816325034,rolling_mean,146
FD003,CatBoost,RUL_capped,sensor_6_roll10_max,0.04783113354120102,rolling_max,147
FD003,CatBoost,RUL_capped,sensor_3_roll20_range,0.042707212154631274,rolling_range,148
FD003,CatBoost,RUL_capped,sensor_15_roll10_range,0.042104153799512274,rolling_range,149
FD003,CatBoost,RUL_capped,sensor_4_roll10_range,0.04164689644106871,rolling_range,150
FD003,CatBoost,RUL_capped,sensor_11_roll20_range,0.04058287515470729,rolling_range,151
FD003,CatBoost,RUL_capped,sensor_4_roll20_range,0.03577412970331357,rolling_range,152
FD003,CatBoost,RUL_capped,sensor_7_roll20_mean,0.03533508337148581,rolling_mean,153
FD003,CatBoost,RUL_capped,sensor_20_roll10_mean,0.03525202133263179,rolling_mean,154
FD003,CatBoost,RUL_capped,sensor_7_roll5_min,0.03457762046337021,rolling_min,155
FD003,CatBoost,RUL_capped,sensor_8_roll10_min,0.03373461793475153,rolling_min,156
FD003,CatBoost,RUL_capped,sensor_6_roll10_min,0.033439595751729785,rolling_min,157
FD003,CatBoost,RUL_capped,sensor_3_roll10_range,0.033015971233564326,rolling_range,158
FD003,CatBoost,RUL_capped,sensor_20_roll20_range,0.03257970138730929,rolling_range,159
FD003,CatBoost,RUL_capped,sensor_4_lag1,0.03201274162608178,lag,160
FD003,CatBoost,RUL_capped,sensor_20_roll20_std,0.031915174202850255,rolling_std,161
FD003,CatBoost,RUL_capped,sensor_21_roll20_std,0.03123272193695006,rolling_std,162
FD003,CatBoost,RUL_capped,sensor_13_roll5_max,0.030668211872767793,rolling_max,163
FD003,CatBoost,RUL_capped,sensor_8_roll5_min,0.030617298443945343,rolling_min,164
FD003,CatBoost,RUL_capped,sensor_3_roll10_max,0.029798436635403776,rolling_max,165
FD003,CatBoost,RUL_capped,sensor_21_roll10_mean,0.02976683234976891,rolling_mean,166
FD003,CatBoost,RUL_capped,sensor_20_roll5_min,0.026825821763575775,rolling_min,167
FD003,CatBoost,RUL_capped,sensor_12_roll5_min,0.026245111482517198,rolling_min,168
FD003,CatBoost,RUL_capped,sensor_13_pct_change1,0.025702707090607152,percentage_change,169
FD003,CatBoost,RUL_capped,sensor_4,0.02538147944541975,raw_sensor,170
FD003,CatBoost,RUL_capped,sensor_17_roll20_max,0.024762347847468044,rolling_max,171
FD003,CatBoost,RUL_capped,sensor_12_roll5_range,0.022305651329366644,rolling_range,172
FD003,CatBoost,RUL_capped,sensor_6_roll20_std,0.020799112763617407,rolling_std,173
FD003,CatBoost,RUL_capped,sensor_3_roll10_min,0.020408220910578066,rolling_min,174
FD003,CatBoost,RUL_capped,sensor_6_roll10_std,0.020051003713566242,rolling_std,175
FD003,CatBoost,RUL_capped,sensor_3_roll5_min,0.018472367149082992,rolling_min,176
FD003,CatBoost,RUL_capped,sensor_6_roll20_max,0.018182567671994342,rolling_max,177
FD003,CatBoost,RUL_capped,sensor_2_roll10_std,0.01635844902302929,rolling_std,178
FD003,CatBoost,RUL_capped,sensor_6_lag1,0.016047720619077343,lag,179
FD003,CatBoost,RUL_capped,sensor_13_roll10_mean,0.014595174414828816,rolling_mean,180
FD003,CatBoost,RUL_capped,sensor_14_roll10_range,0.01188331097576271,rolling_range,181
FD003,CatBoost,RUL_capped,sensor_11_roll20_std,0.008175871072604578,rolling_std,182
FD003,CatBoost,RUL_capped,sensor_3_roll20_std,0.007681101021344122,rolling_std,183
FD003,CatBoost,RUL_capped,sensor_4_roll20_std,0.007617057647515166,rolling_std,184
FD003,CatBoost,RUL_capped,sensor_15_roll5_max,0.007285442814470868,rolling_max,185
FD003,CatBoost,RUL_capped,sensor_17_roll20_range,0.007185430882508362,rolling_range,186
FD003,CatBoost,RUL_capped,sensor_21_roll5_range,0.006987299051398755,rolling_range,187
FD003,CatBoost,RUL_capped,sensor_10_roll5_range,0.006464930553492831,rolling_range,188
FD003,CatBoost,RUL_capped,sensor_10_roll20_std,0.0062792047767168315,rolling_std,189
FD003,CatBoost,RUL_capped,sensor_11_roll10_std,0.005301021591284067,rolling_std,190
FD003,CatBoost,RUL_capped,sensor_9_roll5_range,0.005185345807253064,rolling_range,191
FD003,CatBoost,RUL_capped,sensor_8_roll10_range,0.003853928540435855,rolling_range,192
FD003,CatBoost,RUL_capped,sensor_10_roll10_std,0.003776473885836615,rolling_std,193
FD003,CatBoost,RUL_capped,sensor_17_roll20_std,0.003342500927962592,rolling_std,194
FD003,CatBoost,RUL_capped,sensor_21_roll10_range,0.0032221041636107833,rolling_range,195
FD003,CatBoost,RUL_capped,sensor_6,0.0017176976428438953,raw_sensor,196
FD003,CatBoost,RUL_capped,sensor_17_roll5_std,0.0007698847976004826,rolling_std,197
FD003,CatBoost,RUL_capped,sensor_15_roll5_range,0.0003579900037553936,rolling_range,198
FD003,CatBoost,RUL_capped,sensor_2_lag1,0.0,lag,199
FD003,CatBoost,RUL_capped,sensor_19_roll20_range,0.0,rolling_range,200
FD003,CatBoost,RUL_capped,sensor_19_roll10_std,0.0,rolling_std,201
FD003,CatBoost,RUL_capped,sensor_16_roll10_min,0.0,rolling_min,202
FD003,CatBoost,RUL_capped,sensor_19_roll10_mean,0.0,rolling_mean,203
FD003,CatBoost,RUL_capped,sensor_18_roll20_max,0.0,rolling_max,204
FD003,CatBoost,RUL_capped,sensor_16_roll10_std,0.0,rolling_std,205
FD003,CatBoost,RUL_capped,sensor_19_roll10_min,0.0,rolling_min,206
FD003,CatBoost,RUL_capped,sensor_16_roll10_mean,0.0,rolling_mean,207
FD003,CatBoost,RUL_capped,sensor_18_roll20_range,0.0,rolling_range,208
FD003,CatBoost,RUL_capped,sensor_19_roll20_min,0.0,rolling_min,209
FD003,CatBoost,RUL_capped,sensor_19_roll20_max,0.0,rolling_max,210
FD003,CatBoost,RUL_capped,sensor_16_roll10_max,0.0,rolling_max,211
FD003,CatBoost,RUL_capped,sensor_1_pct_change1,0.0,percentage_change,212
FD003,CatBoost,RUL_capped,sensor_19_roll20_mean,0.0,rolling_mean,213
FD003,CatBoost,RUL_capped,sensor_16_roll10_range,0.0,rolling_range,214
FD003,CatBoost,RUL_capped,sensor_2_delta1,0.0,delta,215
FD003,CatBoost,RUL_capped,sensor_18_roll10_range,0.0,rolling_range,216
FD003,CatBoost,RUL_capped,sensor_18_roll10_max,0.0,rolling_max,217
FD003,CatBoost,RUL_capped,sensor_19_roll20_std,0.0,rolling_std,218
FD003,CatBoost,RUL_capped,sensor_18_roll20_std,0.0,rolling_std,219
FD003,CatBoost,RUL_capped,sensor_18_roll10_min,0.0,rolling_min,220
FD003,CatBoost,RUL_capped,sensor_18_roll10_std,0.0,rolling_std,221
FD003,CatBoost,RUL_capped,sensor_18_roll10_mean,0.0,rolling_mean,222
FD003,CatBoost,RUL_capped,sensor_17_roll10_range,0.0,rolling_range,223
FD003,CatBoost,RUL_capped,sensor_18_roll20_min,0.0,rolling_min,224
FD003,CatBoost,RUL_capped,sensor_1_roll20_std,0.0,rolling_std,225
FD003,CatBoost,RUL_capped,sensor_19_roll10_max,0.0,rolling_max,226
FD003,CatBoost,RUL_capped,sensor_21,0.0,raw_sensor,227
FD003,CatBoost,RUL_capped,sensor_5,0.0,raw_sensor,228
FD003,CatBoost,RUL_capped,sensor_5_roll20_mean,0.0,rolling_mean,229
FD003,CatBoost,RUL_capped,sensor_5_roll20_std,0.0,rolling_std,230
FD003,CatBoost,RUL_capped,sensor_7,0.0,raw_sensor,231
FD003,CatBoost,RUL_capped,sensor_5_roll20_min,0.0,rolling_min,232
FD003,CatBoost,RUL_capped,sensor_5_roll20_max,0.0,rolling_max,233
FD003,CatBoost,RUL_capped,sensor_5_roll20_range,0.0,rolling_range,234
FD003,CatBoost,RUL_capped,sensor_19,0.0,raw_sensor,235
FD003,CatBoost,RUL_capped,sensor_10,0.0,raw_sensor,236
FD003,CatBoost,RUL_capped,sensor_18,0.0,raw_sensor,237
FD003,CatBoost,RUL_capped,sensor_17,0.0,raw_sensor,238
FD003,CatBoost,RUL_capped,sensor_16,0.0,raw_sensor,239
FD003,CatBoost,RUL_capped,sensor_15,0.0,raw_sensor,240
FD003,CatBoost,RUL_capped,sensor_10_roll20_range,0.0,rolling_range,241
FD003,CatBoost,RUL_capped,sensor_10_roll20_max,0.0,rolling_max,242
FD003,CatBoost,RUL_capped,sensor_10_roll20_min,0.0,rolling_min,243
FD003,CatBoost,RUL_capped,sensor_10_roll20_mean,0.0,rolling_mean,244
FD003,CatBoost,RUL_capped,sensor_20,0.0,raw_sensor,245
FD003,CatBoost,RUL_capped,sensor_1_lag1,0.0,lag,246
FD003,CatBoost,RUL_capped,sensor_19_roll10_range,0.0,rolling_range,247
FD003,CatBoost,RUL_capped,sensor_3,0.0,raw_sensor,248
FD003,CatBoost,RUL_capped,sensor_20_roll10_std,0.0,rolling_std,249
FD003,CatBoost,RUL_capped,sensor_18_roll20_mean,0.0,rolling_mean,250
FD003,CatBoost,RUL_capped,sensor_21_roll10_std,0.0,rolling_std,251
FD003,CatBoost,RUL_capped,op_setting_3,0.0,operational_setting,252
FD003,CatBoost,RUL_capped,sensor_16_roll20_range,0.0,rolling_range,253
FD003,CatBoost,RUL_capped,sensor_1_roll20_mean,0.0,rolling_mean,254
FD003,CatBoost,RUL_capped,sensor_12,0.0,raw_sensor,255
FD003,CatBoost,RUL_capped,sensor_16_roll20_max,0.0,rolling_max,256
FD003,CatBoost,RUL_capped,sensor_1_roll20_min,0.0,rolling_min,257
FD003,CatBoost,RUL_capped,sensor_1_roll20_max,0.0,rolling_max,258
FD003,CatBoost,RUL_capped,sensor_1_roll20_range,0.0,rolling_range,259
FD003,CatBoost,RUL_capped,sensor_1_delta1,0.0,delta,260
FD003,CatBoost,RUL_capped,sensor_16_roll20_min,0.0,rolling_min,261
FD003,CatBoost,RUL_capped,sensor_16_roll20_std,0.0,rolling_std,262
FD003,CatBoost,RUL_capped,sensor_16_roll20_mean,0.0,rolling_mean,263
FD003,CatBoost,RUL_capped,sensor_1,0.0,raw_sensor,264
FD003,CatBoost,RUL_capped,sensor_2,0.0,raw_sensor,265
FD003,CatBoost,RUL_capped,sensor_6_roll20_range,0.0,rolling_range,266
FD003,CatBoost,RUL_capped,sensor_10_pct_change1,0.0,percentage_change,267
FD003,CatBoost,RUL_capped,sensor_15_roll10_std,0.0,rolling_std,268
FD003,CatBoost,RUL_capped,sensor_9_pct_change1,0.0,percentage_change,269
FD003,CatBoost,RUL_capped,sensor_5_roll5_min,0.0,rolling_min,270
FD003,CatBoost,RUL_capped,sensor_5_roll5_std,0.0,rolling_std,271
FD003,CatBoost,RUL_capped,sensor_5_roll5_mean,0.0,rolling_mean,272
FD003,CatBoost,RUL_capped,sensor_4_roll5_range,0.0,rolling_range,273
FD003,CatBoost,RUL_capped,sensor_9_delta1,0.0,delta,274
FD003,CatBoost,RUL_capped,sensor_4_roll5_std,0.0,rolling_std,275
FD003,CatBoost,RUL_capped,sensor_3_roll5_range,0.0,rolling_range,276
FD003,CatBoost,RUL_capped,sensor_11_roll5_range,0.0,rolling_range,277
FD003,CatBoost,RUL_capped,sensor_3_roll5_std,0.0,rolling_std,278
FD003,CatBoost,RUL_capped,sensor_10_lag1,0.0,lag,279
FD003,CatBoost,RUL_capped,sensor_2_roll5_range,0.0,rolling_range,280
FD003,CatBoost,RUL_capped,sensor_2_roll5_std,0.0,rolling_std,281
FD003,CatBoost,RUL_capped,sensor_10_delta1,0.0,delta,282
FD003,CatBoost,RUL_capped,sensor_1_roll5_range,0.0,rolling_range,283
FD003,CatBoost,RUL_capped,sensor_5_roll5_max,0.0,rolling_max,284
FD003,CatBoost,RUL_capped,sensor_5_roll5_range,0.0,rolling_range,285
FD003,CatBoost,RUL_capped,sensor_6_roll5_std,0.0,rolling_std,286
FD003,CatBoost,RUL_capped,sensor_6_roll5_range,0.0,rolling_range,287
FD003,CatBoost,RUL_capped,sensor_7_roll5_std,0.0,rolling_std,288
FD003,CatBoost,RUL_capped,sensor_7_roll5_range,0.0,rolling_range,289
FD003,CatBoost,RUL_capped,sensor_8_roll5_std,0.0,rolling_std,290
FD003,CatBoost,RUL_capped,sensor_8_roll5_range,0.0,rolling_range,291
FD003,CatBoost,RUL_capped,sensor_8_pct_change1,0.0,percentage_change,292
FD003,CatBoost,RUL_capped,sensor_9_roll5_std,0.0,rolling_std,293
FD003,CatBoost,RUL_capped,sensor_8_delta1,0.0,delta,294
FD003,CatBoost,RUL_capped,sensor_10_roll5_mean,0.0,rolling_mean,295
FD003,CatBoost,RUL_capped,sensor_10_roll5_std,0.0,rolling_std,296
FD003,CatBoost,RUL_capped,sensor_10_roll5_min,0.0,rolling_min,297
FD003,CatBoost,RUL_capped,sensor_10_roll5_max,0.0,rolling_max,298
FD003,CatBoost,RUL_capped,sensor_7_pct_change1,0.0,percentage_change,299
FD003,CatBoost,RUL_capped,sensor_11_roll5_std,0.0,rolling_std,300
FD003,CatBoost,RUL_capped,sensor_1_roll5_max,0.0,rolling_max,301
FD003,CatBoost,RUL_capped,sensor_1_roll5_min,0.0,rolling_min,302
FD003,CatBoost,RUL_capped,sensor_1_roll5_std,0.0,rolling_std,303
FD003,CatBoost,RUL_capped,sensor_16_pct_change1,0.0,percentage_change,304
FD003,CatBoost,RUL_capped,sensor_11_delta1,0.0,delta,305
FD003,CatBoost,RUL_capped,sensor_11_pct_change1,0.0,percentage_change,306
FD003,CatBoost,RUL_capped,sensor_12_lag1,0.0,lag,307
FD003,CatBoost,RUL_capped,sensor_12_delta1,0.0,delta,308
FD003,CatBoost,RUL_capped,sensor_12_pct_change1,0.0,percentage_change,309
FD003,CatBoost,RUL_capped,sensor_13_lag1,0.0,lag,310
FD003,CatBoost,RUL_capped,sensor_13_delta1,0.0,delta,311
FD003,CatBoost,RUL_capped,sensor_14_delta1,0.0,delta,312
FD003,CatBoost,RUL_capped,sensor_14_pct_change1,0.0,percentage_change,313
FD003,CatBoost,RUL_capped,sensor_15_lag1,0.0,lag,314
FD003,CatBoost,RUL_capped,sensor_15_delta1,0.0,delta,315
FD003,CatBoost,RUL_capped,sensor_15_pct_change1,0.0,percentage_change,316
FD003,CatBoost,RUL_capped,sensor_16_lag1,0.0,lag,317
FD003,CatBoost,RUL_capped,sensor_16_delta1,0.0,delta,318
FD003,CatBoost,RUL_capped,sensor_17_lag1,0.0,lag,319
FD003,CatBoost,RUL_capped,sensor_1_roll5_mean,0.0,rolling_mean,320
FD003,CatBoost,RUL_capped,sensor_17_delta1,0.0,delta,321
FD003,CatBoost,RUL_capped,sensor_17_pct_change1,0.0,percentage_change,322
FD003,CatBoost,RUL_capped,sensor_18_lag1,0.0,lag,323
FD003,CatBoost,RUL_capped,sensor_18_delta1,0.0,delta,324
FD003,CatBoost,RUL_capped,sensor_18_pct_change1,0.0,percentage_change,325
FD003,CatBoost,RUL_capped,sensor_19_lag1,0.0,lag,326
FD003,CatBoost,RUL_capped,sensor_19_delta1,0.0,delta,327
FD003,CatBoost,RUL_capped,sensor_19_pct_change1,0.0,percentage_change,328
FD003,CatBoost,RUL_capped,sensor_20_lag1,0.0,lag,329
FD003,CatBoost,RUL_capped,sensor_20_delta1,0.0,delta,330
FD003,CatBoost,RUL_capped,sensor_20_pct_change1,0.0,percentage_change,331
FD003,CatBoost,RUL_capped,sensor_21_lag1,0.0,lag,332
FD003,CatBoost,RUL_capped,sensor_21_delta1,0.0,delta,333
FD003,CatBoost,RUL_capped,sensor_21_pct_change1,0.0,percentage_change,334
FD003,CatBoost,RUL_capped,sensor_7_delta1,0.0,delta,335
FD003,CatBoost,RUL_capped,sensor_12_roll5_std,0.0,rolling_std,336
FD003,CatBoost,RUL_capped,sensor_2_pct_change1,0.0,percentage_change,337
FD003,CatBoost,RUL_capped,sensor_5_roll10_std,0.0,rolling_std,338
FD003,CatBoost,RUL_capped,sensor_7_roll10_min,0.0,rolling_min,339
FD003,CatBoost,RUL_capped,sensor_6_roll10_range,0.0,rolling_range,340
FD003,CatBoost,RUL_capped,sensor_4_pct_change1,0.0,percentage_change,341
FD003,CatBoost,RUL_capped,sensor_5_roll10_range,0.0,rolling_range,342
FD003,CatBoost,RUL_capped,sensor_5_roll10_max,0.0,rolling_max,343
FD003,CatBoost,RUL_capped,sensor_5_roll10_min,0.0,rolling_min,344
FD003,CatBoost,RUL_capped,sensor_5_roll10_mean,0.0,rolling_mean,345
FD003,CatBoost,RUL_capped,sensor_13_roll5_std,0.0,rolling_std,346
FD003,CatBoost,RUL_capped,sensor_5_lag1,0.0,lag,347
FD003,CatBoost,RUL_capped,sensor_4_roll10_std,0.0,rolling_std,348
FD003,CatBoost,RUL_capped,sensor_5_delta1,0.0,delta,349
FD003,CatBoost,RUL_capped,sensor_3_roll10_std,0.0,rolling_std,350
FD003,CatBoost,RUL_capped,sensor_5_pct_change1,0.0,percentage_change,351
FD003,CatBoost,RUL_capped,sensor_2_roll10_range,0.0,rolling_range,352
FD003,CatBoost,RUL_capped,sensor_7_roll10_range,0.0,rolling_range,353
FD003,CatBoost,RUL_capped,sensor_8_roll10_std,0.0,rolling_std,354
FD003,CatBoost,RUL_capped,sensor_4_delta1,0.0,delta,355
FD003,CatBoost,RUL_capped,sensor_9_roll10_std,0.0,rolling_std,356
FD003,CatBoost,RUL_capped,sensor_9_roll10_range,0.0,rolling_range,357
FD003,CatBoost,RUL_capped,sensor_10_roll10_mean,0.0,rolling_mean,358
FD003,CatBoost,RUL_capped,sensor_10_roll10_min,0.0,rolling_min,359
FD003,CatBoost,RUL_capped,sensor_10_roll10_max,0.0,rolling_max,360
FD003,CatBoost,RUL_capped,sensor_10_roll10_range,0.0,rolling_range,361
FD003,CatBoost,RUL_capped,sensor_3_pct_change1,0.0,percentage_change,362
FD003,CatBoost,RUL_capped,sensor_3_delta1,0.0,delta,363
FD003,CatBoost,RUL_capped,sensor_3_lag1,0.0,lag,364
FD003,CatBoost,RUL_capped,sensor_11_roll10_range,0.0,rolling_range,365
FD003,CatBoost,RUL_capped,sensor_12_roll10_std,0.0,rolling_std,366
FD003,CatBoost,RUL_capped,sensor_13_roll10_std,0.0,rolling_std,367
FD003,CatBoost,RUL_capped,sensor_13_roll10_range,0.0,rolling_range,368
FD003,CatBoost,RUL_capped,sensor_14_roll10_std,0.0,rolling_std,369
FD003,CatBoost,RUL_capped,op_setting_2,0.0,operational_setting,370
FD003,CatBoost,RUL_capped,sensor_1_roll10_range,0.0,rolling_range,371
FD003,CatBoost,RUL_capped,sensor_1_roll10_max,0.0,rolling_max,372
FD003,CatBoost,RUL_capped,sensor_18_roll5_mean,0.0,rolling_mean,373
FD003,CatBoost,RUL_capped,sensor_13_roll5_range,0.0,rolling_range,374
FD003,CatBoost,RUL_capped,sensor_6_pct_change1,0.0,percentage_change,375
FD003,CatBoost,RUL_capped,sensor_14_roll5_std,0.0,rolling_std,376
FD003,CatBoost,RUL_capped,sensor_6_delta1,0.0,delta,377
FD003,CatBoost,RUL_capped,sensor_14_roll5_range,0.0,rolling_range,378
FD003,CatBoost,RUL_capped,sensor_15_roll5_std,0.0,rolling_std,379
FD003,CatBoost,RUL_capped,sensor_15_roll5_min,0.0,rolling_min,380
FD003,CatBoost,RUL_capped,sensor_16_roll5_mean,0.0,rolling_mean,381
FD003,CatBoost,RUL_capped,sensor_16_roll5_std,0.0,rolling_std,382
FD003,CatBoost,RUL_capped,sensor_16_roll5_min,0.0,rolling_min,383
FD003,CatBoost,RUL_capped,sensor_16_roll5_max,0.0,rolling_max,384
FD003,CatBoost,RUL_capped,sensor_16_roll5_range,0.0,rolling_range,385
FD003,CatBoost,RUL_capped,sensor_17_roll5_min,0.0,rolling_min,386
FD003,CatBoost,RUL_capped,sensor_17_roll5_range,0.0,rolling_range,387
FD003,CatBoost,RUL_capped,sensor_18_roll5_std,0.0,rolling_std,388
FD003,CatBoost,RUL_capped,sensor_1_roll10_min,0.0,rolling_min,389
FD003,CatBoost,RUL_capped,sensor_18_roll5_min,0.0,rolling_min,390
FD003,CatBoost,RUL_capped,sensor_18_roll5_max,0.0,rolling_max,391
FD003,CatBoost,RUL_capped,sensor_18_roll5_range,0.0,rolling_range,392
FD003,CatBoost,RUL_capped,sensor_19_roll5_mean,0.0,rolling_mean,393
FD003,CatBoost,RUL_capped,sensor_19_roll5_std,0.0,rolling_std,394
FD003,CatBoost,RUL_capped,sensor_19_roll5_min,0.0,rolling_min,395
FD003,CatBoost,RUL_capped,sensor_19_roll5_max,0.0,rolling_max,396
FD003,CatBoost,RUL_capped,sensor_19_roll5_range,0.0,rolling_range,397
FD003,CatBoost,RUL_capped,sensor_20_roll5_mean,0.0,rolling_mean,398
FD003,CatBoost,RUL_capped,sensor_20_roll5_std,0.0,rolling_std,399
FD003,CatBoost,RUL_capped,sensor_20_roll5_range,0.0,rolling_range,400
FD003,CatBoost,RUL_capped,sensor_21_roll5_std,0.0,rolling_std,401
FD003,CatBoost,RUL_capped,sensor_1_roll10_mean,0.0,rolling_mean,402
FD003,CatBoost,RUL_capped,sensor_1_roll10_std,0.0,rolling_std,403
FD003,CatBoost,RUL_capped,op_setting_1,0.0,operational_setting,404
FD004,CatBoost,RUL_capped,cycle_log1p,5.277030045901946,cycle_observable,1
FD004,CatBoost,RUL_capped,cycle_sqrt,4.030536481999799,cycle_observable,2
FD004,CatBoost,RUL_capped,sensor_11_roll20_max,3.9121362219516267,rolling_max,3
FD004,CatBoost,RUL_capped,sensor_13_roll20_max,3.4443812973538255,rolling_max,4
FD004,CatBoost,RUL_capped,sensor_13_roll10_max,3.2516285718626894,rolling_max,5
FD004,CatBoost,RUL_capped,sensor_13_roll20_range,2.839166646404432,rolling_range,6
FD004,CatBoost,RUL_capped,sensor_13_roll5_max,2.211825691797551,rolling_max,7
FD004,CatBoost,RUL_capped,sensor_4_roll20_max,1.007296846037749,rolling_max,8
FD004,CatBoost,RUL_capped,sensor_6_roll20_max,0.8899312884587645,rolling_max,9
FD004,CatBoost,RUL_capped,sensor_14_roll20_max,0.7762568299560244,rolling_max,10
FD004,CatBoost,RUL_capped,sensor_15_roll20_max,0.7592012360932405,rolling_max,11
FD004,CatBoost,RUL_capped,sensor_11_roll20_min,0.7035697777440981,rolling_min,12
FD004,CatBoost,RUL_capped,sensor_8_roll20_max,0.6694175472492241,rolling_max,13
FD004,CatBoost,RUL_capped,sensor_11_roll10_max,0.6597078630124168,rolling_max,14
FD004,CatBoost,RUL_capped,sensor_15_roll20_min,0.6578147247206876,rolling_min,15
FD004,CatBoost,RUL_capped,sensor_9_roll20_min,0.5855763808697794,rolling_min,16
FD004,CatBoost,RUL_capped,sensor_12_roll20_range,0.5733503793619317,rolling_range,17
FD004,CatBoost,RUL_capped,sensor_9_roll20_range,0.5141597107021927,rolling_range,18
FD004,CatBoost,RUL_capped,sensor_6_roll20_min,0.48455935179837223,rolling_min,19
FD004,CatBoost,RUL_capped,sensor_15_roll10_max,0.4436242974938287,rolling_max,20
FD004,CatBoost,RUL_capped,sensor_6_roll10_max,0.42573259610621855,rolling_max,21
FD004,CatBoost,RUL_capped,sensor_17_roll20_max,0.39356291386662423,rolling_max,22
FD004,CatBoost,RUL_capped,sensor_6_roll20_range,0.39136248904956666,rolling_range,23
FD004,CatBoost,RUL_capped,sensor_12_roll20_max,0.36579817777861506,rolling_max,24
FD004,CatBoost,RUL_capped,sensor_14_roll10_max,0.34026112417691295,rolling_max,25
FD004,CatBoost,RUL_capped,sensor_21_roll20_min,0.3125831616923624,rolling_min,26
FD004,CatBoost,RUL_capped,sensor_6_roll10_min,0.3008350154717425,rolling_min,27
FD004,CatBoost,RUL_capped,sensor_11_roll10_min,0.2957269756419054,rolling_min,28
FD004,CatBoost,RUL_capped,sensor_9_roll20_max,0.27900188222379946,rolling_max,29
FD004,CatBoost,RUL_capped,sensor_7_roll20_max,0.2747844381709345,rolling_max,30
FD004,CatBoost,RUL_capped,sensor_4_roll20_min,0.2745733239788952,rolling_min,31
FD004,CatBoost,RUL_capped,sensor_2_roll20_max,0.27188114214071757,rolling_max,32
FD004,CatBoost,RUL_capped,sensor_11_roll20_range,0.26965004924796115,rolling_range,33
FD004,CatBoost,RUL_capped,sensor_8_roll10_max,0.25598931219879406,rolling_max,34
FD004,CatBoost,RUL_capped,sensor_15_roll10_min,0.2444780132214321,rolling_min,35
FD004,CatBoost,RUL_capped,sensor_12_roll10_max,0.23989800821722793,rolling_max,36
FD004,CatBoost,RUL_capped,sensor_3_roll20_min,0.21780175418837178,rolling_min,37
FD004,CatBoost,RUL_capped,sensor_13_roll20_min,0.20941121536831236,rolling_min,38
FD004,CatBoost,RUL_capped,sensor_11,0.19506770119611433,raw_sensor,39
FD004,CatBoost,RUL_capped,sensor_7_roll20_range,0.19156711443136096,rolling_range,40
FD004,CatBoost,RUL_capped,sensor_8_roll20_range,0.1840663399257584,rolling_range,41
FD004,CatBoost,RUL_capped,sensor_7_roll10_max,0.17300416309571093,rolling_max,42
FD004,CatBoost,RUL_capped,sensor_6_roll5_max,0.16257484191543647,rolling_max,43
FD004,CatBoost,RUL_capped,sensor_15,0.15860248108281672,raw_sensor,44
FD004,CatBoost,RUL_capped,sensor_2_roll20_range,0.15710216643480754,rolling_range,45
FD004,CatBoost,RUL_capped,sensor_21_roll20_max,0.14419950027475234,rolling_max,46
FD004,CatBoost,RUL_capped,sensor_3_roll20_max,0.1435049026995157,rolling_max,47
FD004,CatBoost,RUL_capped,sensor_20_roll20_max,0.14144847581255587,rolling_max,48
FD004,CatBoost,RUL_capped,sensor_4_roll20_range,0.14115789080377897,rolling_range,49
FD004,CatBoost,RUL_capped,sensor_8_roll10_min,0.13845972851580768,rolling_min,50
FD004,CatBoost,RUL_capped,sensor_14_roll20_min,0.13390430017885077,rolling_min,51
FD004,CatBoost,RUL_capped,sensor_20_roll10_range,0.13297608101683703,rolling_range,52
FD004,CatBoost,RUL_capped,sensor_8_roll20_min,0.13160756733830076,rolling_min,53
FD004,CatBoost,RUL_capped,sensor_12_roll20_min,0.1274695989377685,rolling_min,54
FD004,CatBoost,RUL_capped,sensor_17_roll20_range,0.12545993480057638,rolling_range,55
FD004,CatBoost,RUL_capped,sensor_20_roll20_range,0.11908038559836655,rolling_range,56
FD004,CatBoost,RUL_capped,sensor_13_roll10_range,0.11679982778522123,rolling_range,57
FD004,CatBoost,RUL_capped,sensor_15_roll5_max,0.11669901927598485,rolling_max,58
FD004,CatBoost,RUL_capped,sensor_7_roll20_min,0.11578172103963123,rolling_min,59
FD004,CatBoost,RUL_capped,sensor_4_roll10_min,0.11557114809929711,rolling_min,60
FD004,CatBoost,RUL_capped,sensor_4_roll10_max,0.10923192521731737,rolling_max,61
FD004,CatBoost,RUL_capped,sensor_15_roll20_range,0.10540652162242074,rolling_range,62
FD004,CatBoost,RUL_capped,sensor_7_roll10_min,0.10514944206557357,rolling_min,63
FD004,CatBoost,RUL_capped,sensor_21_roll10_range,0.09082449292767751,rolling_range,64
FD004,CatBoost,RUL_capped,sensor_14_roll20_range,0.09070897170600625,rolling_range,65
FD004,CatBoost,RUL_capped,sensor_17_roll20_min,0.08711214913482546,rolling_min,66
FD004,CatBoost,RUL_capped,sensor_11_lag1,0.08628810771873477,lag,67
FD004,CatBoost,RUL_capped,sensor_2_roll20_min,0.07935117874707212,rolling_min,68
FD004,CatBoost,RUL_capped,sensor_20_roll20_min,0.07917243695857502,rolling_min,69
FD004,CatBoost,RUL_capped,sensor_3_roll10_min,0.07775698032276443,rolling_min,70
FD004,CatBoost,RUL_capped,sensor_21_roll10_max,0.07424756571595162,rolling_max,71
FD004,CatBoost,RUL_capped,sensor_9_roll10_min,0.07370174740843474,rolling_min,72
FD004,CatBoost,RUL_capped,sensor_2_roll10_max,0.07188548587840707,rolling_max,73
FD004,CatBoost,RUL_capped,sensor_7_roll5_max,0.07043879590373188,rolling_max,74
FD004,CatBoost,RUL_capped,sensor_15_lag1,0.06641584721196254,lag,75
FD004,CatBoost,RUL_capped,sensor_6_roll5_min,0.06047250297637281,rolling_min,76
FD004,CatBoost,RUL_capped,sensor_21_roll10_min,0.058738802733948894,rolling_min,77
FD004,CatBoost,RUL_capped,sensor_6_roll10_range,0.058329020044260264,rolling_range,78
FD004,CatBoost,RUL_capped,sensor_12_roll10_min,0.05439796283436948,rolling_min,79
FD004,CatBoost,RUL_capped,sensor_12_roll10_range,0.053516424363283986,rolling_range,80
FD004,CatBoost,RUL_capped,sensor_2_roll5_max,0.053219386395502,rolling_max,81
FD004,CatBoost,RUL_capped,sensor_17_roll10_max,0.05311724589137076,rolling_max,82
FD004,CatBoost,RUL_capped,sensor_11_roll5_max,0.0502119807137892,rolling_max,83
FD004,CatBoost,RUL_capped,sensor_21_roll5_max,0.0450762557109362,rolling_max,84
FD004,CatBoost,RUL_capped,sensor_10_roll20_std,0.044468769269359484,rolling_std,85
FD004,CatBoost,RUL_capped,sensor_11_roll5_min,0.044095392342056186,rolling_min,86
FD004,CatBoost,RUL_capped,sensor_3_roll20_range,0.04387769552065935,rolling_range,87
FD004,CatBoost,RUL_capped,sensor_14_roll10_range,0.042113680087471586,rolling_range,88
FD004,CatBoost,RUL_capped,sensor_14_roll20_mean,0.041474053460737355,rolling_mean,89
FD004,CatBoost,RUL_capped,sensor_13,0.038185122548655304,raw_sensor,90
FD004,CatBoost,RUL_capped,sensor_21_roll20_range,0.03605862154168008,rolling_range,91
FD004,CatBoost,RUL_capped,sensor_13_roll20_mean,0.03379571213336764,rolling_mean,92
FD004,CatBoost,RUL_capped,sensor_8_roll20_mean,0.031162725769125266,rolling_mean,93
FD004,CatBoost,RUL_capped,sensor_7_roll10_range,0.03084999667853904,rolling_range,94
FD004,CatBoost,RUL_capped,sensor_4_roll5_max,0.030588735367133746,rolling_max,95
FD004,CatBoost,RUL_capped,sensor_12_roll20_mean,0.030428570777890435,rolling_mean,96
FD004,CatBoost,RUL_capped,sensor_12_roll5_range,0.02852102515594172,rolling_range,97
FD004,CatBoost,RUL_capped,sensor_3_roll10_max,0.028520793091899147,rolling_max,98
FD004,CatBoost,RUL_capped,sensor_13_roll5_min,0.026568882220690336,rolling_min,99
FD004,CatBoost,RUL_capped,sensor_4_roll5_min,0.02620786561344821,rolling_min,100
FD004,CatBoost,RUL_capped,sensor_10_roll5_range,0.026029202970805874,rolling_range,101
FD004,CatBoost,RUL_capped,sensor_20_roll10_max,0.02595519017151649,rolling_max,102
FD004,CatBoost,RUL_capped,sensor_16_roll5_std,0.024412271410875302,rolling_std,103
FD004,CatBoost,RUL_capped,sensor_7_roll5_min,0.02330319710720889,rolling_min,104
FD004,CatBoost,RUL_capped,sensor_12_roll5_min,0.021976324591155286,rolling_min,105
FD004,CatBoost,RUL_capped,sensor_12_roll5_max,0.021848399544029774,rolling_max,106
FD004,CatBoost,RUL_capped,sensor_15_roll5_min,0.021395141253966125,rolling_min,107
FD004,CatBoost,RUL_capped,sensor_2_roll10_range,0.021065091632572152,rolling_range,108
FD004,CatBoost,RUL_capped,sensor_7_roll10_mean,0.020670333945026313,rolling_mean,109
FD004,CatBoost,RUL_capped,sensor_8_roll10_range,0.019590153636899088,rolling_range,110
FD004,CatBoost,RUL_capped,sensor_7_roll20_mean,0.01899900737903045,rolling_mean,111
FD004,CatBoost,RUL_capped,sensor_9_roll10_range,0.018168579146048004,rolling_range,112
FD004,CatBoost,RUL_capped,sensor_9_roll10_max,0.016817647712748032,rolling_max,113
FD004,CatBoost,RUL_capped,sensor_14_roll5_std,0.015705444989731008,rolling_std,114
FD004,CatBoost,RUL_capped,sensor_3_roll5_max,0.015568243072057508,rolling_max,115
FD004,CatBoost,RUL_capped,sensor_6_roll20_std,0.015149355256116742,rolling_std,116
FD004,CatBoost,RUL_capped,sensor_14_roll5_max,0.015132054088507159,rolling_max,117
FD004,CatBoost,RUL_capped,sensor_13_roll10_min,0.015050477277677762,rolling_min,118
FD004,CatBoost,RUL_capped,sensor_6_roll20_mean,0.014841609738641152,rolling_mean,119
FD004,CatBoost,RUL_capped,sensor_18_roll20_mean,0.014799184908935724,rolling_mean,120
FD004,CatBoost,RUL_capped,sensor_1_roll20_mean,0.014782690179052189,rolling_mean,121
FD004,CatBoost,RUL_capped,sensor_4_roll20_mean,0.014520492503921817,rolling_mean,122
FD004,CatBoost,RUL_capped,sensor_20_roll5_max,0.013286810047702498,rolling_max,123
FD004,CatBoost,RUL_capped,sensor_1_lag1,0.013157964880107493,lag,124
FD004,CatBoost,RUL_capped,sensor_12_roll10_mean,0.012232413362385407,rolling_mean,125
FD004,CatBoost,RUL_capped,sensor_20_roll10_mean,0.01217224704949759,rolling_mean,126
FD004,CatBoost,RUL_capped,sensor_20_roll20_mean,0.012041985842233163,rolling_mean,127
FD004,CatBoost,RUL_capped,sensor_8_lag1,0.011545829014915888,lag,128
FD004,CatBoost,RUL_capped,sensor_21_roll10_mean,0.011217400938994116,rolling_mean,129
FD004,CatBoost,RUL_capped,sensor_10_roll10_mean,0.011211009067125955,rolling_mean,130
FD004,CatBoost,RUL_capped,sensor_10_roll20_mean,0.011186558191199169,rolling_mean,131
FD004,CatBoost,RUL_capped,sensor_13_roll20_std,0.010964193221510602,rolling_std,132
FD004,CatBoost,RUL_capped,sensor_8_roll5_min,0.010108223959699462,rolling_min,133
FD004,CatBoost,RUL_capped,sensor_15_roll20_mean,0.010050325413151713,rolling_mean,134
FD004,CatBoost,RUL_capped,sensor_8_roll20_std,0.009858405586611394,rolling_std,135
FD004,CatBoost,RUL_capped,sensor_21_roll20_mean,0.009847287226189886,rolling_mean,136
FD004,CatBoost,RUL_capped,sensor_5_roll20_mean,0.009311807559997226,rolling_mean,137
FD004,CatBoost,RUL_capped,sensor_2_roll10_min,0.007944672813116583,rolling_min,138
FD004,CatBoost,RUL_capped,sensor_7_roll5_mean,0.007938093155944207,rolling_mean,139
FD004,CatBoost,RUL_capped,sensor_13_roll10_mean,0.00774713291469942,rolling_mean,140
FD004,CatBoost,RUL_capped,sensor_4_roll10_std,0.007590331368422332,rolling_std,141
FD004,CatBoost,RUL_capped,sensor_9_roll20_std,0.007484042452214022,rolling_std,142
FD004,CatBoost,RUL_capped,sensor_13_lag1,0.007320660782083231,lag,143
FD004,CatBoost,RUL_capped,sensor_20_roll10_min,0.00718194099576771,rolling_min,144
FD004,CatBoost,RUL_capped,sensor_7_roll20_std,0.007130141013780808,rolling_std,145
FD004,CatBoost,RUL_capped,sensor_15_roll10_mean,0.007088739696056469,rolling_mean,146
FD004,CatBoost,RUL_capped,sensor_16_roll20_std,0.00700204864155365,rolling_std,147
FD004,CatBoost,RUL_capped,sensor_18_roll20_std,0.006713108549535875,rolling_std,148
FD004,CatBoost,RUL_capped,sensor_17_roll20_std,0.006469319782134428,rolling_std,149
FD004,CatBoost,RUL_capped,sensor_14_roll10_min,0.0059387595760922625,rolling_min,150
FD004,CatBoost,RUL_capped,sensor_1_roll10_max,0.005803323410051557,rolling_max,151
FD004,CatBoost,RUL_capped,sensor_3_roll10_mean,0.0054466831169515725,rolling_mean,152
FD004,CatBoost,RUL_capped,sensor_9_roll20_mean,0.005373455288279876,rolling_mean,153
FD004,CatBoost,RUL_capped,sensor_4_roll5_mean,0.005316144636782643,rolling_mean,154
FD004,CatBoost,RUL_capped,sensor_6_roll5_mean,0.00509554272863468,rolling_mean,155
FD004,CatBoost,RUL_capped,sensor_8_roll5_mean,0.00471535839058905,rolling_mean,156
FD004,CatBoost,RUL_capped,sensor_5_roll5_max,0.0038157300451624283,rolling_max,157
FD004,CatBoost,RUL_capped,sensor_12,0.003149629642180283,raw_sensor,158
FD004,CatBoost,RUL_capped,sensor_18_roll10_mean,0.0028770394090989948,rolling_mean,159
FD004,CatBoost,RUL_capped,sensor_10_roll5_std,0.0021768172336958575,rolling_std,160
FD004,CatBoost,RUL_capped,sensor_11_roll10_std,0.0019279624691432942,rolling_std,161
FD004,CatBoost,RUL_capped,sensor_11_roll20_std,0.0016122236958612194,rolling_std,162
FD004,CatBoost,RUL_capped,sensor_1_roll20_min,0.0013412151886203327,rolling_min,163
FD004,CatBoost,RUL_capped,sensor_4_roll10_range,0.0006205379031799262,rolling_range,164
FD004,CatBoost,RUL_capped,sensor_11_roll10_range,0.0001451112905232852,rolling_range,165
FD004,CatBoost,RUL_capped,sensor_3_roll20_mean,0.0,rolling_mean,166
FD004,CatBoost,RUL_capped,sensor_18_roll10_range,0.0,rolling_range,167
FD004,CatBoost,RUL_capped,sensor_17_roll10_std,0.0,rolling_std,168
FD004,CatBoost,RUL_capped,sensor_17_roll10_mean,0.0,rolling_mean,169
FD004,CatBoost,RUL_capped,sensor_3_roll20_std,0.0,rolling_std,170
FD004,CatBoost,RUL_capped,sensor_8_pct_change1,0.0,percentage_change,171
FD004,CatBoost,RUL_capped,sensor_19_roll10_mean,0.0,rolling_mean,172
FD004,CatBoost,RUL_capped,sensor_19_roll10_std,0.0,rolling_std,173
FD004,CatBoost,RUL_capped,sensor_10_delta1,0.0,delta,174
FD004,CatBoost,RUL_capped,sensor_8_delta1,0.0,delta,175
FD004,CatBoost,RUL_capped,sensor_16_roll10_range,0.0,rolling_range,176
FD004,CatBoost,RUL_capped,sensor_19_roll10_min,0.0,rolling_min,177
FD004,CatBoost,RUL_capped,sensor_16_roll10_max,0.0,rolling_max,178
FD004,CatBoost,RUL_capped,sensor_19_roll10_max,0.0,rolling_max,179
FD004,CatBoost,RUL_capped,sensor_16_roll10_min,0.0,rolling_min,180
FD004,CatBoost,RUL_capped,sensor_4_roll20_std,0.0,rolling_std,181
FD004,CatBoost,RUL_capped,sensor_19_roll10_range,0.0,rolling_range,182
FD004,CatBoost,RUL_capped,sensor_20_roll10_std,0.0,rolling_std,183
FD004,CatBoost,RUL_capped,sensor_9_lag1,0.0,lag,184
FD004,CatBoost,RUL_capped,sensor_10_pct_change1,0.0,percentage_change,185
FD004,CatBoost,RUL_capped,sensor_17_roll10_min,0.0,rolling_min,186
FD004,CatBoost,RUL_capped,sensor_18_roll10_std,0.0,rolling_std,187
FD004,CatBoost,RUL_capped,sensor_10_lag1,0.0,lag,188
FD004,CatBoost,RUL_capped,sensor_21_roll10_std,0.0,rolling_std,189
FD004,CatBoost,RUL_capped,sensor_17_roll10_range,0.0,rolling_range,190
FD004,CatBoost,RUL_capped,sensor_1_roll20_std,0.0,rolling_std,191
FD004,CatBoost,RUL_capped,sensor_18_roll10_min,0.0,rolling_min,192
FD004,CatBoost,RUL_capped,sensor_11_pct_change1,0.0,percentage_change,193
FD004,CatBoost,RUL_capped,sensor_1_roll20_max,0.0,rolling_max,194
FD004,CatBoost,RUL_capped,sensor_1_roll20_range,0.0,rolling_range,195
FD004,CatBoost,RUL_capped,sensor_2_roll20_mean,0.0,rolling_mean,196
FD004,CatBoost,RUL_capped,sensor_18_roll10_max,0.0,rolling_max,197
FD004,CatBoost,RUL_capped,sensor_11_delta1,0.0,delta,198
FD004,CatBoost,RUL_capped,sensor_2_roll20_std,0.0,rolling_std,199
FD004,CatBoost,RUL_capped,sensor_9_pct_change1,0.0,percentage_change,200
FD004,CatBoost,RUL_capped,sensor_9_delta1,0.0,delta,201
FD004,CatBoost,RUL_capped,sensor_1_roll5_min,0.0,rolling_min,202
FD004,CatBoost,RUL_capped,sensor_4_pct_change1,0.0,percentage_change,203
FD004,CatBoost,RUL_capped,sensor_7_pct_change1,0.0,percentage_change,204
FD004,CatBoost,RUL_capped,sensor_17,0.0,raw_sensor,205
FD004,CatBoost,RUL_capped,sensor_16,0.0,raw_sensor,206
FD004,CatBoost,RUL_capped,sensor_14,0.0,raw_sensor,207
FD004,CatBoost,RUL_capped,sensor_15_roll20_std,0.0,rolling_std,208
FD004,CatBoost,RUL_capped,sensor_10,0.0,raw_sensor,209
FD004,CatBoost,RUL_capped,sensor_9,0.0,raw_sensor,210
FD004,CatBoost,RUL_capped,sensor_8,0.0,raw_sensor,211
FD004,CatBoost,RUL_capped,sensor_16_roll20_mean,0.0,rolling_mean,212
FD004,CatBoost,RUL_capped,sensor_16_roll20_min,0.0,rolling_min,213
FD004,CatBoost,RUL_capped,sensor_16_roll20_max,0.0,rolling_max,214
FD004,CatBoost,RUL_capped,sensor_16_roll20_range,0.0,rolling_range,215
FD004,CatBoost,RUL_capped,sensor_17_roll20_mean,0.0,rolling_mean,216
FD004,CatBoost,RUL_capped,sensor_7,0.0,raw_sensor,217
FD004,CatBoost,RUL_capped,sensor_6,0.0,raw_sensor,218
FD004,CatBoost,RUL_capped,sensor_5,0.0,raw_sensor,219
FD004,CatBoost,RUL_capped,sensor_18_roll20_min,0.0,rolling_min,220
FD004,CatBoost,RUL_capped,sensor_18_roll20_max,0.0,rolling_max,221
FD004,CatBoost,RUL_capped,sensor_18_roll20_range,0.0,rolling_range,222
FD004,CatBoost,RUL_capped,sensor_19_roll20_mean,0.0,rolling_mean,223
FD004,CatBoost,RUL_capped,sensor_19_roll20_std,0.0,rolling_std,224
FD004,CatBoost,RUL_capped,sensor_19_roll20_min,0.0,rolling_min,225
FD004,CatBoost,RUL_capped,sensor_19_roll20_max,0.0,rolling_max,226
FD004,CatBoost,RUL_capped,sensor_19_roll20_range,0.0,rolling_range,227
FD004,CatBoost,RUL_capped,sensor_20_roll20_std,0.0,rolling_std,228
FD004,CatBoost,RUL_capped,sensor_4,0.0,raw_sensor,229
FD004,CatBoost,RUL_capped,sensor_3,0.0,raw_sensor,230
FD004,CatBoost,RUL_capped,sensor_2,0.0,raw_sensor,231
FD004,CatBoost,RUL_capped,sensor_21_roll20_std,0.0,rolling_std,232
FD004,CatBoost,RUL_capped,sensor_1,0.0,raw_sensor,233
FD004,CatBoost,RUL_capped,op_setting_3,0.0,operational_setting,234
FD004,CatBoost,RUL_capped,sensor_14_roll20_std,0.0,rolling_std,235
FD004,CatBoost,RUL_capped,sensor_18,0.0,raw_sensor,236
FD004,CatBoost,RUL_capped,sensor_7_delta1,0.0,delta,237
FD004,CatBoost,RUL_capped,sensor_19,0.0,raw_sensor,238
FD004,CatBoost,RUL_capped,sensor_7_lag1,0.0,lag,239
FD004,CatBoost,RUL_capped,sensor_5_roll20_std,0.0,rolling_std,240
FD004,CatBoost,RUL_capped,sensor_5_roll20_min,0.0,rolling_min,241
FD004,CatBoost,RUL_capped,sensor_5_roll20_max,0.0,rolling_max,242
FD004,CatBoost,RUL_capped,sensor_5_roll20_range,0.0,rolling_range,243
FD004,CatBoost,RUL_capped,sensor_6_pct_change1,0.0,percentage_change,244
FD004,CatBoost,RUL_capped,sensor_6_delta1,0.0,delta,245
FD004,CatBoost,RUL_capped,sensor_6_lag1,0.0,lag,246
FD004,CatBoost,RUL_capped,sensor_5_pct_change1,0.0,percentage_change,247
FD004,CatBoost,RUL_capped,sensor_5_delta1,0.0,delta,248
FD004,CatBoost,RUL_capped,sensor_5_lag1,0.0,lag,249
FD004,CatBoost,RUL_capped,sensor_16_roll10_mean,0.0,rolling_mean,250
FD004,CatBoost,RUL_capped,sensor_4_delta1,0.0,delta,251
FD004,CatBoost,RUL_capped,sensor_4_lag1,0.0,lag,252
FD004,CatBoost,RUL_capped,sensor_3_pct_change1,0.0,percentage_change,253
FD004,CatBoost,RUL_capped,sensor_3_delta1,0.0,delta,254
FD004,CatBoost,RUL_capped,sensor_3_lag1,0.0,lag,255
FD004,CatBoost,RUL_capped,sensor_2_pct_change1,0.0,percentage_change,256
FD004,CatBoost,RUL_capped,sensor_10_roll20_min,0.0,rolling_min,257
FD004,CatBoost,RUL_capped,sensor_10_roll20_max,0.0,rolling_max,258
FD004,CatBoost,RUL_capped,sensor_10_roll20_range,0.0,rolling_range,259
FD004,CatBoost,RUL_capped,sensor_11_roll20_mean,0.0,rolling_mean,260
FD004,CatBoost,RUL_capped,sensor_2_delta1,0.0,delta,261
FD004,CatBoost,RUL_capped,sensor_2_lag1,0.0,lag,262
FD004,CatBoost,RUL_capped,sensor_1_pct_change1,0.0,percentage_change,263
FD004,CatBoost,RUL_capped,sensor_12_roll20_std,0.0,rolling_std,264
FD004,CatBoost,RUL_capped,sensor_1_delta1,0.0,delta,265
FD004,CatBoost,RUL_capped,sensor_21,0.0,raw_sensor,266
FD004,CatBoost,RUL_capped,sensor_20,0.0,raw_sensor,267
FD004,CatBoost,RUL_capped,sensor_16_roll10_std,0.0,rolling_std,268
FD004,CatBoost,RUL_capped,sensor_15_delta1,0.0,delta,269
FD004,CatBoost,RUL_capped,sensor_15_roll10_range,0.0,rolling_range,270
FD004,CatBoost,RUL_capped,sensor_15_roll5_mean,0.0,rolling_mean,271
FD004,CatBoost,RUL_capped,sensor_11_roll5_mean,0.0,rolling_mean,272
FD004,CatBoost,RUL_capped,sensor_11_roll5_std,0.0,rolling_std,273
FD004,CatBoost,RUL_capped,sensor_21_lag1,0.0,lag,274
FD004,CatBoost,RUL_capped,sensor_20_pct_change1,0.0,percentage_change,275
FD004,CatBoost,RUL_capped,sensor_11_roll5_range,0.0,rolling_range,276
FD004,CatBoost,RUL_capped,sensor_12_roll5_mean,0.0,rolling_mean,277
FD004,CatBoost,RUL_capped,sensor_12_roll5_std,0.0,rolling_std,278
FD004,CatBoost,RUL_capped,sensor_13_roll5_mean,0.0,rolling_mean,279
FD004,CatBoost,RUL_capped,sensor_13_roll5_std,0.0,rolling_std,280
FD004,CatBoost,RUL_capped,sensor_20_delta1,0.0,delta,281
FD004,CatBoost,RUL_capped,sensor_13_roll5_range,0.0,rolling_range,282
FD004,CatBoost,RUL_capped,sensor_14_roll5_mean,0.0,rolling_mean,283
FD004,CatBoost,RUL_capped,sensor_14_roll5_min,0.0,rolling_min,284
FD004,CatBoost,RUL_capped,sensor_14_roll5_range,0.0,rolling_range,285
FD004,CatBoost,RUL_capped,sensor_15_roll5_std,0.0,rolling_std,286
FD004,CatBoost,RUL_capped,sensor_10_roll5_min,0.0,rolling_min,287
FD004,CatBoost,RUL_capped,sensor_20_lag1,0.0,lag,288
FD004,CatBoost,RUL_capped,sensor_15_roll5_range,0.0,rolling_range,289
FD004,CatBoost,RUL_capped,sensor_16_roll5_mean,0.0,rolling_mean,290
FD004,CatBoost,RUL_capped,sensor_16_roll5_min,0.0,rolling_min,291
FD004,CatBoost,RUL_capped,sensor_16_roll5_max,0.0,rolling_max,292
FD004,CatBoost,RUL_capped,sensor_16_roll5_range,0.0,rolling_range,293
FD004,CatBoost,RUL_capped,sensor_17_roll5_mean,0.0,rolling_mean,294
FD004,CatBoost,RUL_capped,sensor_17_roll5_std,0.0,rolling_std,295
FD004,CatBoost,RUL_capped,sensor_17_roll5_min,0.0,rolling_min,296
FD004,CatBoost,RUL_capped,sensor_17_roll5_max,0.0,rolling_max,297
FD004,CatBoost,RUL_capped,sensor_17_roll5_range,0.0,rolling_range,298
FD004,CatBoost,RUL_capped,sensor_18_roll5_mean,0.0,rolling_mean,299
FD004,CatBoost,RUL_capped,sensor_18_roll5_std,0.0,rolling_std,300
FD004,CatBoost,RUL_capped,sensor_18_roll5_min,0.0,rolling_min,301
FD004,CatBoost,RUL_capped,sensor_10_roll5_max,0.0,rolling_max,302
FD004,CatBoost,RUL_capped,sensor_10_roll5_mean,0.0,rolling_mean,303
FD004,CatBoost,RUL_capped,sensor_18_roll5_range,0.0,rolling_range,304
FD004,CatBoost,RUL_capped,sensor_5_roll5_min,0.0,rolling_min,305
FD004,CatBoost,RUL_capped,sensor_1_roll5_range,0.0,rolling_range,306
FD004,CatBoost,RUL_capped,sensor_2_roll5_mean,0.0,rolling_mean,307
FD004,CatBoost,RUL_capped,sensor_2_roll5_std,0.0,rolling_std,308
FD004,CatBoost,RUL_capped,sensor_2_roll5_min,0.0,rolling_min,309
FD004,CatBoost,RUL_capped,sensor_1_roll5_std,0.0,rolling_std,310
FD004,CatBoost,RUL_capped,sensor_2_roll5_range,0.0,rolling_range,311
FD004,CatBoost,RUL_capped,sensor_3_roll5_mean,0.0,rolling_mean,312
FD004,CatBoost,RUL_capped,sensor_3_roll5_std,0.0,rolling_std,313
FD004,CatBoost,RUL_capped,sensor_3_roll5_min,0.0,rolling_min,314
FD004,CatBoost,RUL_capped,sensor_3_roll5_range,0.0,rolling_range,315
FD004,CatBoost,RUL_capped,sensor_4_roll5_std,0.0,rolling_std,316
FD004,CatBoost,RUL_capped,sensor_4_roll5_range,0.0,rolling_range,317
FD004,CatBoost,RUL_capped,sensor_5_roll5_mean,0.0,rolling_mean,318
FD004,CatBoost,RUL_capped,sensor_5_roll5_std,0.0,rolling_std,319
FD004,CatBoost,RUL_capped,sensor_5_roll5_range,0.0,rolling_range,320
FD004,CatBoost,RUL_capped,sensor_9_roll5_range,0.0,rolling_range,321
FD004,CatBoost,RUL_capped,sensor_6_roll5_std,0.0,rolling_std,322
FD004,CatBoost,RUL_capped,sensor_1_roll5_mean,0.0,rolling_mean,323
FD004,CatBoost,RUL_capped,sensor_21_pct_change1,0.0,percentage_change,324
FD004,CatBoost,RUL_capped,sensor_6_roll5_range,0.0,rolling_range,325
FD004,CatBoost,RUL_capped,sensor_7_roll5_std,0.0,rolling_std,326
FD004,CatBoost,RUL_capped,sensor_21_delta1,0.0,delta,327
FD004,CatBoost,RUL_capped,sensor_7_roll5_range,0.0,rolling_range,328
FD004,CatBoost,RUL_capped,sensor_8_roll5_std,0.0,rolling_std,329
FD004,CatBoost,RUL_capped,sensor_8_roll5_max,0.0,rolling_max,330
FD004,CatBoost,RUL_capped,sensor_8_roll5_range,0.0,rolling_range,331
FD004,CatBoost,RUL_capped,sensor_9_roll5_mean,0.0,rolling_mean,332
FD004,CatBoost,RUL_capped,sensor_9_roll5_std,0.0,rolling_std,333
FD004,CatBoost,RUL_capped,sensor_9_roll5_min,0.0,rolling_min,334
FD004,CatBoost,RUL_capped,sensor_9_roll5_max,0.0,rolling_max,335
FD004,CatBoost,RUL_capped,sensor_18_roll5_max,0.0,rolling_max,336
FD004,CatBoost,RUL_capped,sensor_19_roll5_mean,0.0,rolling_mean,337
FD004,CatBoost,RUL_capped,sensor_12_lag1,0.0,lag,338
FD004,CatBoost,RUL_capped,sensor_10_roll10_range,0.0,rolling_range,339
FD004,CatBoost,RUL_capped,sensor_17_pct_change1,0.0,percentage_change,340
FD004,CatBoost,RUL_capped,sensor_7_roll10_std,0.0,rolling_std,341
FD004,CatBoost,RUL_capped,sensor_17_delta1,0.0,delta,342
FD004,CatBoost,RUL_capped,sensor_17_lag1,0.0,lag,343
FD004,CatBoost,RUL_capped,sensor_8_roll10_mean,0.0,rolling_mean,344
FD004,CatBoost,RUL_capped,sensor_8_roll10_std,0.0,rolling_std,345
FD004,CatBoost,RUL_capped,sensor_16_pct_change1,0.0,percentage_change,346
FD004,CatBoost,RUL_capped,sensor_16_delta1,0.0,delta,347
FD004,CatBoost,RUL_capped,sensor_9_roll10_mean,0.0,rolling_mean,348
FD004,CatBoost,RUL_capped,sensor_9_roll10_std,0.0,rolling_std,349
FD004,CatBoost,RUL_capped,sensor_16_lag1,0.0,lag,350
FD004,CatBoost,RUL_capped,sensor_10_roll10_std,0.0,rolling_std,351
FD004,CatBoost,RUL_capped,sensor_10_roll10_min,0.0,rolling_min,352
FD004,CatBoost,RUL_capped,sensor_10_roll10_max,0.0,rolling_max,353
FD004,CatBoost,RUL_capped,sensor_11_roll10_mean,0.0,rolling_mean,354
FD004,CatBoost,RUL_capped,sensor_18_delta1,0.0,delta,355
FD004,CatBoost,RUL_capped,sensor_15_pct_change1,0.0,percentage_change,356
FD004,CatBoost,RUL_capped,sensor_1_roll5_max,0.0,rolling_max,357
FD004,CatBoost,RUL_capped,sensor_12_roll10_std,0.0,rolling_std,358
FD004,CatBoost,RUL_capped,sensor_14_pct_change1,0.0,percentage_change,359
FD004,CatBoost,RUL_capped,sensor_14_delta1,0.0,delta,360
FD004,CatBoost,RUL_capped,sensor_14_lag1,0.0,lag,361
FD004,CatBoost,RUL_capped,sensor_13_roll10_std,0.0,rolling_std,362
FD004,CatBoost,RUL_capped,sensor_13_pct_change1,0.0,percentage_change,363
FD004,CatBoost,RUL_capped,sensor_13_delta1,0.0,delta,364
FD004,CatBoost,RUL_capped,sensor_14_roll10_mean,0.0,rolling_mean,365
FD004,CatBoost,RUL_capped,sensor_14_roll10_std,0.0,rolling_std,366
FD004,CatBoost,RUL_capped,sensor_12_pct_change1,0.0,percentage_change,367
FD004,CatBoost,RUL_capped,sensor_15_roll10_std,0.0,rolling_std,368
FD004,CatBoost,RUL_capped,sensor_12_delta1,0.0,delta,369
FD004,CatBoost,RUL_capped,sensor_18_lag1,0.0,lag,370
FD004,CatBoost,RUL_capped,sensor_6_roll10_std,0.0,rolling_std,371
FD004,CatBoost,RUL_capped,sensor_19_roll5_std,0.0,rolling_std,372
FD004,CatBoost,RUL_capped,sensor_1_roll10_min,0.0,rolling_min,373
FD004,CatBoost,RUL_capped,sensor_19_roll5_min,0.0,rolling_min,374
FD004,CatBoost,RUL_capped,sensor_19_roll5_max,0.0,rolling_max,375
FD004,CatBoost,RUL_capped,sensor_19_roll5_range,0.0,rolling_range,376
FD004,CatBoost,RUL_capped,sensor_20_roll5_mean,0.0,rolling_mean,377
FD004,CatBoost,RUL_capped,sensor_20_roll5_std,0.0,rolling_std,378
FD004,CatBoost,RUL_capped,sensor_20_roll5_min,0.0,rolling_min,379
FD004,CatBoost,RUL_capped,sensor_20_roll5_range,0.0,rolling_range,380
FD004,CatBoost,RUL_capped,sensor_21_roll5_mean,0.0,rolling_mean,381
FD004,CatBoost,RUL_capped,sensor_21_roll5_std,0.0,rolling_std,382
FD004,CatBoost,RUL_capped,sensor_21_roll5_min,0.0,rolling_min,383
FD004,CatBoost,RUL_capped,sensor_19_pct_change1,0.0,percentage_change,384
FD004,CatBoost,RUL_capped,sensor_21_roll5_range,0.0,rolling_range,385
FD004,CatBoost,RUL_capped,sensor_1_roll10_mean,0.0,rolling_mean,386
FD004,CatBoost,RUL_capped,sensor_1_roll10_std,0.0,rolling_std,387
FD004,CatBoost,RUL_capped,sensor_1_roll10_range,0.0,rolling_range,388
FD004,CatBoost,RUL_capped,sensor_6_roll10_mean,0.0,rolling_mean,389
FD004,CatBoost,RUL_capped,sensor_2_roll10_mean,0.0,rolling_mean,390
FD004,CatBoost,RUL_capped,sensor_2_roll10_std,0.0,rolling_std,391
FD004,CatBoost,RUL_capped,op_setting_2,0.0,operational_setting,392
FD004,CatBoost,RUL_capped,sensor_3_roll10_std,0.0,rolling_std,393
FD004,CatBoost,RUL_capped,sensor_19_delta1,0.0,delta,394
FD004,CatBoost,RUL_capped,sensor_3_roll10_range,0.0,rolling_range,395
FD004,CatBoost,RUL_capped,sensor_4_roll10_mean,0.0,rolling_mean,396
FD004,CatBoost,RUL_capped,sensor_19_lag1,0.0,lag,397
FD004,CatBoost,RUL_capped,sensor_18_pct_change1,0.0,percentage_change,398
FD004,CatBoost,RUL_capped,sensor_5_roll10_mean,0.0,rolling_mean,399
FD004,CatBoost,RUL_capped,sensor_5_roll10_std,0.0,rolling_std,400
FD004,CatBoost,RUL_capped,sensor_5_roll10_min,0.0,rolling_min,401
FD004,CatBoost,RUL_capped,sensor_5_roll10_max,0.0,rolling_max,402
FD004,CatBoost,RUL_capped,sensor_5_roll10_range,0.0,rolling_range,403
FD004,CatBoost,RUL_capped,op_setting_1,0.0,operational_setting,404
